sentence;food;service;price;place;other
ini tengah kota tetapi suasana iya tidak kalah cantik .;no;no;no;yes;no
saya suka makanannya .;yes;no;no;no;no
harga memang agak mahal .;no;no;yes;no;no
harga untuk kepuasan yang didapat .;no;no;yes;no;no
yang menjadi point utama dari restoran ini adalah penataan ruangan dan tamannya .;no;no;no;yes;no
walau areanya tidak terlalu luas untuk resort .;no;no;no;yes;no
areanya di atur dengan baik sehingga menjadi menarik dan cantik .;no;no;no;yes;no
duduk di dalam dekat jendela udaranya masih sejuk .;no;no;no;yes;no
steak salmon dan sauce enak .;yes;no;no;no;no
begitu pula jus banyak pilihan .;yes;no;no;no;no
ada musholla kecil yang cukup bersih .;no;no;no;yes;no
lokasinya berada ditengah kota bandung , nuansanya romantis , ada live music .;no;no;no;yes;no
meskipun rasa makanan tidak istimewa .;yes;no;no;no;no
datang dengan rombongan di sabtu malam minggu , tempat sangat indah .;no;no;no;yes;no
namun sayangnya pelayan tidak sigap dan beberapa order belum dibuat sehingga kami bersiap pulang , yang menyebalkan adalah saat kami akan cancel order yang akan di take away tidak boleh dengan alasan sudah di proses sedangkan saat beberapa order dine no in kami tidak diantarnodiantar sehingga kami mau pulang boleh di cancel karena kesalahan dari pihak restoran , tidak adil dan sangat mengecewakan .;no;yes;no;no;no
meskipun harga makanannya tidak murah juga .;no;no;yes;no;no
tempatnya sangat bagus , pemandangannya super keren , perpaduan antara nuansa bandung dan bali , di bagian depan terdapat tempat makan dengan desain kursi dan meja berjejer rapi , sementara di bagian belakang terdapat saungnosaung dengan pemandangan yang sangat bagus .;no;no;no;yes;no
saya memesan tenderloin steak australia , rasanya enak , dagingnya sangat lembut .;yes;no;no;no;no
tetapi porsinya agak kecil;yes;no;no;no;no
restoran ini penuh pada malam minggu , yang menarik parkir disini ditawarkan dengan sistem vallet dengan membayar seikhlasnya .;no;no;no;yes;no
senang makan di restoran ini , banyak variasi menu yang ditawarkan .;yes;no;no;no;no
mantap .;no;no;no;no;no
cafe berlokasi di tengah kota , tempatnya cukup luas , asyik dan menyenangkan untuk berlamanoberlama dengan sahabat .;no;no;no;yes;no
steaknya top , waktu itu kami pesan steak non local , rasanya enak dengan porsi sedang , harganya cukup mahal .;yes;no;yes;no;no
pelayanan standar .;no;yes;no;no;no
steak ! tiba di cafe , saya masih terkesan dan terpukau dengan interior cafe yang nyaman dan terlihat mewah .;no;no;no;yes;no
dengan konsep outdoor dan romantis .;no;no;no;yes;no
sesuai dengan gambar di menu , makanan yang disajikan sesuai .;yes;no;no;no;no
rasanya sangat enak .;yes;no;no;no;no
suasananya asyik . .;no;no;no;yes;no
terutama malam hari , makan salmon steak , asparagus soup , jus nanas , enak . .;yes;no;no;no;no
wow keren .;no;no;no;no;no
restoran terbaik di bandung dengan semua pilihan makanannya yang enak dan selalu sempurna , harga yang sangat terjangkau , pelayanan yang selalu memuaskan , dan suasana yang nyaman .;yes;yes;yes;yes;no
otentik dan sehat .;no;no;no;no;no
nasi gorengnya juga enak .;yes;no;no;no;no
nasi gorengnya tidak segurih kalau pakai bumbu nasi goreng instan .;yes;no;no;no;no
nasi gorengnya segar , ada daging ayamnya yang enak .;yes;no;no;no;no
tempat tetap nyaman , masakan tetap lezat , dan pelayanan tetap ramah .;yes;yes;no;yes;no
kalau urusan makanan yang enaknoenak kayaknya braga permai raja .;yes;no;no;no;no
bukan hanya makanan yang mantap tetapi suasana semakin hangat apalagi bersama family or frend . .;yes;no;no;no;no
tetapi suasana semakin hangat apalagi bersama family or frend . .;no;no;no;yes;
lagunolagu juga menghibur banget . . .;no;no;no;yes;no
saya sangat menyukai restoran ini karena makanan yang enak dan harganya tidak terlalu mahal .;yes;no;yes;no;no
karena harga murah dan tentu porsi juga cukup banyak;yes;no;yes;no;no
jangan lupa kalau kesini pesan ice creamnya enak .;yes;no;no;no;no
pemandangan bagus , ada sungai kecil anaknoanak bisa bermain , ada permainan air juga .;no;no;no;yes;no
makanan juga lumayan enak .;yes;no;no;no;no
harga standar restoran sejenis .;no;no;yes;no;no
di tempat ini saya pertama kunjungi saat di lembang , tempatnya sangat unik , di mana terdapat rumah rabit yang sangat lucu , seperti berada di negara dongeng .;no;no;no;yes;no
tempat rekreasi yang cukup bagus untuk pergi bersama keluarga .;no;no;no;yes;no
ada tempat main anaknoanak , ada taman yang indah , dan tempat makan yang cukup banyak .;no;no;no;yes;no
lingkungan yang asri dan menyenangkan .;no;no;no;yes;no
ketika berkunjung ke dusun bambu , saya bersama keluarga makan di restoran burangrang , menurut saya rasa makanan standar dengan harga yang cukup mahal .;yes;no;yes;no;no
di dusun bambu banyak spot fotogenic .;no;no;no;yes;no
( tetapi aslinya tidak seindah di foto ) .;no;no;no;yes;no
karena menginap di resortnya maka kita memutuskan untuk makan malam disana , secara keseluruhan tidak ada yang spesial dari makanannya .;yes;no;no;no;no
untungnya kita kesini hari kerja , bukan long weekend kemarin , jadi dapat parkir & tidak penuh .;no;no;no;yes;no
parkirnya tidak terlalu luas & kita harus naik shuttle ke dalam dusun bambu .;no;no;no;yes;no
lutung kasarung itu tempat makan bentuknya seperti sangkar burung bambu , lucu & unik !;no;no;no;yes;no
paling suka sm lampion bambu yang ada di tengahnotengah pasar khatulistiwa , gaya tradisional yang dibalut modern .;no;no;no;yes;no
wooww keren !;no;no;no;no;no
ketika saya berkunjung saat akhir pekan dan kondisi sangat ramai .;no;no;no;yes;no
suasana memang sangat menyenangkan , udara yang sejuk dan pemandangan yang indah .;no;no;no;yes;no
namun menjadi sangan terbatas karena segala fasilitas serba penuh;no;no;no;yes;no
sop burung daranya mantap .;yes;no;no;no;no
udang mayonesnya unik sekali .;yes;no;no;no;no
tidak terlalu ramai kecuali pada weekend .;no;no;no;no;no
makanan sangat enak dan banyak pilihan yang bisa anda pilih .;yes;no;no;no;no
dimsum dan dessert adalah salah satu kelebihan restoran ini .;yes;no;no;no;no
porsi banyak cocok untuk makan bersamanosama .;yes;no;no;no;no
tempat bagus dan interiornya indah cocok untuk bersantai dan bersantap ria .;no;no;no;yes;no
apabila sedang ramai , pesanan agak lama datang .;no;yes;no;no;no
makananya semuanya enak .;yes;no;no;no;no
paling suka sama udang mayonaisenya .;yes;no;no;no;no
porsinya besar jadi lebih baik sharing saja makannya .;yes;no;no;no;no
harus menunggu agak lama untuk dapat menikmati makanan di restoran yang terletak di istana plaza , karena restoran ini kalau malam hari penuh , terkecuali kita berkunjung pas jam buka restoran sekitar jam 11 pagi .;no;yes;no;yes;no
makanan yang disajikan lumayan enak , terutama udang telur asin .;yes;no;no;no;no
tetapi untuk cream soupnya terlalu encer tetapi cukup oke sehingga terbayarkan ketika sudah mengantri lama .;yes;no;no;no;no
cream soupnya cukup oke sehingga terbayarkan ketika sudah mengantri lama .;yes;no;no;no;no
menu spesial disini adalah udang goreng mayonaise , sapi lada hitam .;yes;no;no;no;no
dim sum yang disajikan juga beraneka ragam .;yes;no;no;no;no
jangan lupa datang lebih awal karena weekend antrian cukup panjang .;no;yes;no;no;no
di eastern ini makanan chinese food , saya paling suka sama udang mayonaise , enak sekali .;yes;no;no;no;no
untuk porsi cukup besar , jadi bisa berbagi sama keluarga atau teman .;yes;no;no;no;no
harga standar makanan chinese sih;no;no;yes;no;no
disini juga ada makan sepuasnya dimsum , tetapi harga lumayan mahal , jadi kalau mau makan sepuasnya sebaiknya kalau lagi benarnobenar lapar saja .;no;no;yes;no;no
kami suka tempat ini dan mengunjunginya sekali dalam beberapa bulan , terutama untuk makan siang .;no;no;no;yes;no
makanannya cocok dengan selera kami dan saya bisa mengajak teman karena dimsum no halal .;yes;no;no;no;no
rasa enak .;yes;no;no;no;no
rasa dingin .;yes;no;no;no;no
harga murah .;no;no;yes;no;no
tempat parkirnya sempit .;no;no;no;yes;no
tempat makannya juga tidak tidak terlalu besar , meja makan terutama , kurang nyaman untuk makan lebih dari orang .;no;no;no;yes;no
cocok untuk tempat hang out .;no;no;no;yes;no
menu makanan banyak dan bervariasi , makanan enak dan porsinya besar , harga sesuai dengan porsi dan rasa .;yes;no;yes;no;no
jempol sangat far walaupun masih ada kekurangan untuk menu makan , minum dan dessert semua yang saya coba enak .;yes;no;no;no;no
menu makanan cukup bervariasi ( khususnya breakfast ) dan presentasi makanan juga cukup menarik .;yes;no;no;no;no
untuk harga menunya terbilang sedikit mahal atau menurut pendapat saya pribadi untuk kelas harga menengah .;no;no;yes;no;no
luar cafe sangat biasa .;no;no;no;yes;no
cafe setelah masuk benar benar tidak ingin keluar .;no;no;no;yes;
ruangan dengan dekorasi menarik penuh kehidupan burung .;no;no;no;yes;no
mau smoking dan smoking dengan musik lembut dan kedua makan paginya enak .;yes;no;no;yes;no
teman pesan sandwich dan saya nasi . . lezat patut kesini kembali .;yes;no;no;no;no
tempatnya cukup unik dan nyaman buat hang out dengan tema kebun dan kitchen didalam ruangan , makanannya disajikan dengan unik .;yes;no;no;yes;no
cemilannya juga enak .;yes;no;no;no;no
saya kebetulan kesana untuk sekedar santai , disana tersedia kopi juga , shake , tea seperti biasanya .;no;no;no;no;no
pancake enak juga .;yes;no;no;no;no
makanannya memuaskan lidah , suasananya nyaman , layanannya juga oke .;yes;yes;no;yes;no
hummingbird eatery ini sangat nyaman untuk ngobrol lama bersama teman teman karena suasana yang dingin dan tenang bkin betah banget dan juga makanan dan minumannya recomended !;yes;no;no;yes;no
makanannya yang cukup menggugah selera di tunjang dengan minuman yang dibalut dengan gelas cantik .;yes;no;no;no;no
plating makanan dan minuman di tempat ini salah satu yang saya sukai , makan bukan hanya rasa bagi saya .;yes;no;no;no;no
minuman visual juga harus menunjang untuk mendapatkan kepuasa dalam menyantap .;no;no;no;no;no
pelayanan yang cukup bagus .;no;yes;no;no;no
pelayanan cukup susah untuk pelayan menghampiri dikarenakan kesibukan dan ngobrol untuk kita mengorder makanan .;no;yes;no;no;no
pelayan hal tersebut tidak mengurangi minat saya untuk terus kembali lagi ketempat ini .;no;yes;no;no;no
beberapa kali ke sini , tidak pernah kecewa dengan makanan dan minuman .;yes;no;no;no;no
dingin dan hambar .;no;no;no;no;no
lokasi agak sedikit jauh sih . .;no;no;no;yes;no
tetapi aku suka tempatnya karena sangat tenang seperti di pedesaan .;no;no;no;yes;no
harganya masih cukup terjangkau .;no;no;yes;no;no
namun perlu sedikit sabar menunggu pesanannya .;no;yes;no;no;no
namun perlu sedikit sabar menunggu pesanannya .;no;yes;no;no;
yang pasti tempatnya nyaman dan tenang .;no;no;no;yes;no
jika ingin mendapatkan suasana makan yang tenang , nyaman dan nikmat .;no;no;no;yes;no
tempat yang sangat unik .;no;no;no;yes;no
tidak disarankan untuk manula karena jalan menuju tempat duduk cenderung berbatu dan agak gelap di malam hari .;no;no;no;yes;no
disini lebih baik datangnya malam saja , karena suasananya dingin dan tempatnya bagus sih menurut saya .;no;no;no;yes;no
Cuma untuk makanannya biasa saja .;yes;no;no;no;no
tidak ada spesial juga . .;no;no;no;no;no
hanya tempatnya bagus untuk di kunjungin .;no;no;no;yes;no
sesuai dengan namanya , suasana di kampung daun sangat asri dengan konsep pedesaan yang hening , sejuk dan indah .;no;no;no;yes;no
suasananya sangat romantis dan menenangkan apalagi jika datang dimalam hari selain suasananya , makanan disajikan enak dan variatif .;yes;no;no;yes;no
kalau malam hari suasana kampung daun lebih oke .;no;no;no;yes;no
suasana terkadang lebih ramai .;no;no;no;yes;no
saya lebih suka meja yang diatas , agak capek sih .;no;no;no;yes;no
meja yang diatas lebih private .;no;no;no;yes;no
jujur makanannya biasa saja , tidak ada yang istimewa .;yes;no;no;no;no
tetapi tempatnya oke banget .;no;no;no;yes;no
suasana kampung daun pada malam hari keren banget ! !;no;no;no;yes;no
kerja bagus !;no;no;no;no;no
x untuk makanan , maaf iya , standar saja . .;yes;no;no;no;no
tempatnya sejuk dan asri;no;no;no;yes;no
makanannya lumayan dan harga sedikit mahal .;yes;no;yes;no;no
tetapi kalau buat bersantai bersama keluarga direkomendasikan banget .;no;no;no;no;no
rasanya enak .;yes;no;no;no;no
harganya standar .;no;no;yes;no;no
makan disini termasuk hemat untuk ukuran jajan steak dengan rasa yang nagih .;yes;no;no;no;no
tempatnya nyaman banget dan makannya terjangkau serta enak apalagi steak dengan saus arabiatanya cocok banget .;yes;no;no;yes;no
komentar saya keseluruhan worth , untuk harga lumayan tinggi .;no;no;yes;no;no
harga sebanding dengan porsinya , kebetulan waktu itu untuk minumannya juga ada yang share menu , pelayanan cepat , pengantar makanan hanya 15 menit ( sepertinya lebih cepat bahkan ) .;yes;yes;yes;no;no
cocok buat penggemar daging , .;no;no;no;no;no
tempat strategis .;no;no;no;yes;no
porsinya banyak dan enak .;yes;no;no;no;no
memang ramai .;no;no;no;no;no
mungkin pelayan sedang pusing dengan banyak pengunjung .;no;yes;no;no;no
tempat hang out yang cukup baik dan penyajian makanan ada yang unik .;no;no;no;yes;no
sayang antrean selalu panjang .;no;yes;no;no;no
porsi cukup besar buat saya , rasa oke lah dan harga masih cukup diterima dompet , asal tidak setiap hari saja .;yes;no;yes;no;no
kami makan siang di karnivor setelah malam sebelumnya datang tetapi antri panjang sekali sehingga harus kembali esok harinya .;no;yes;no;no;no
steak dengan cita rasa tinggi dan harganya cukup murah .;yes;no;yes;no;no
harganya juga terjangkau banget .;no;no;yes;no;no
tempat ini cocok banget untuk kumpulnokumpul bersama teman ataupun keluarga .;no;no;no;yes;no
makanannya enak , pilihannya banyak , harganya oke .;yes;no;yes;no;no
saya suka dengan tempat ini , sangat homey dan modern .;no;no;no;yes;no
makanannya juga enak , saya pernah coba pizza primaveranya , cocok untuk yang vegetarian .;yes;no;no;no;no
lokasi yang strategis membuat mudah untuk menemukannya , harga juga standar tidak terlalu mahal , minum khas kesukaan saya adalah mojito yang segar .;yes;no;yes;yes;no
konsepnya lumayan unik .;no;no;no;yes;no
waktu itu makan steak rasanya biasa saja .;yes;no;no;no;no
pilihan menunya cukup banyak , dari menu asia sampai menu eropa .;yes;no;no;no;no
harga lumayan mahal .;no;no;yes;no;no
makannya enak dan pelayanan yang ramah .;yes;yes;no;no;no
harga tidak mahal .;no;no;yes;no;no
pemandangan bagus dan alami .;no;no;no;yes;no
cuaca dingin jadi jangan lupa pakai baju tebal .;no;no;no;yes;no
tempatnya sangat nyaman .;no;no;no;yes;no
makanan lumayan enak .;yes;no;no;no;no
pemandangannya sangat bagus , kita bisa naik lift ke rooftopnya .;no;no;no;yes;no
makanannya lebih banyak western , rasanya juga enak .;yes;no;no;no;no
tempatnya enak .;no;no;no;yes;no
rasanya enak .;yes;no;no;no;no
harganya pas .;no;no;yes;no;no
suasana yang berbeda begitu memasuki restoran ini sejuk dan nyaman .;no;no;no;yes;no
lokasinya strategis , tenang suasananya , dan hawanya sejuk .;no;no;no;yes;no
meskipun harus masuk daftar tunggu yang lumayan panjang ( karena datang pas makan siang ) .;no;yes;no;no;
daftar tunggu menjadi tidak membosankan untuk anaknoanak karena ada halaman yang bisa buat bermain .;no;yes;no;no;
secara keseluruhan . semua makanan dan minuman yang kami pesan sangat puas dan ternyata porsinya besar dan sangat mengenyangkan .;yes;no;no;no;no
selain glass house yang langsung membuat restoran ini menarik , desain anggun didalamnya juga membuat betah .;no;no;no;yes;no
walaupun glass house namun didalam tetap ruangan ber ac sehingga nyaman .;no;no;no;yes;no
lokasinya memang agak didalam perumahan .;no;no;no;yes;no
namun ada taman yang ada kandang kelinci juga , cocok untu yang memiliki anak .;no;no;no;no;no
anaknoanak suka disini karena ada playground kecil dan taman kelinci .;no;no;no;no;no
untuk makanan rasanya cukup enak .;yes;no;no;no;no
waktu itu kami memesan pizza untuk berempat untuk penampilan pizza kurang begitu menarik .;yes;no;no;yes;no
tetapi rasanya enak banget .;yes;no;no;no;no
untuk minumannya yang greentea segar banget .;yes;no;no;no;no
pelayanannya lumayan oke .;no;yes;no;no;no
pemandangan untuk fotonofoto juga lumayan oke .;no;no;no;yes;no
enak dan cukup besar porsinya untuk sarapan .;yes;no;no;no;no
tempat ini sangat ramai pengunjung sehingga kami harus mengantri walalupun di luar jam makan .;no;no;no;yes;no
kualitas makanan dan minuman baik dan harganya sedang .;yes;no;yes;no;no
makanannya yang memiliki porsi besar , cocok untuk anda yang makanya banyak .;yes;no;no;no;no
rasa yang ditawarkan cukup enak .;yes;no;no;no;no
restoran cukup luas dan terdapat tamannotaman dan kolam sebagai pelengkap santap siang .;no;no;no;yes;no
begitu pula dibagian lain interiornointerior dihiasi dengan pajangannopajangan yang cukup unik .;no;no;no;yes;no
restoran ini bangunannya cukup cantik .;no;no;no;yes;no
di dalamnya terdapat koleksi benda benda yang unik dan antik .;no;no;no;yes;no
citarasanya cukup enak .;yes;no;no;no;no
citarasanya cenderung manis .;yes;no;no;no;no
harganya premium sesuai kelas restoran .;no;no;yes;no;no
harga tergolong lebih tinggi daripada di raja sunda , dan tidak disediakan lalapan gratis maupun kerupuk aci gratis .;no;no;yes;no;no
yang disediakan gratis hanya kerupuk gendar dan sambal .;no;no;no;no;no
karedoknya enak .;yes;no;no;no;no
genjer teri : sangat berminyak dan terinya sangat sangat asin .;yes;no;no;no;no
rasanya sih lumayan , harganya masih affordable .;yes;no;yes;no;no
tempatnya juga bagus , ada kolam yang berisikan ikannoikan .;no;no;no;yes;no
tempatnya tidak terlalu luas .;no;no;no;yes;no
tempatnya di dalamnya ada beberapa pilihan .;no;no;no;yes;no
untuk makanan yang patut dicoba adalah gurame goreng fillet , ayam goreng , ayam bakar dan tahu krispi . .;yes;no;no;no;no
minusnya paling hanya lokasi yang agak tersembunyi ( dalam artian bukan di jalan besar ) .;no;no;no;yes;no
lokasi tidak terlalu sulit untuk mencapainya karena tidak jauh dari pintu tol pasteur dan di dekat sentrasari mall .;no;no;no;yes;
restorannya bagus , tempatnya nyaman dan makanannya juga enaknoenak .;yes;no;no;yes;no
pemandangannya bagus , ada kolam ikan yang ikannya gedenogede .;no;no;no;yes;no
lokasinya lumayan strategis , dekat dari pintu tol pasteur .;no;no;no;yes;no
cocok untuk tempat makan bareng keluarga .;no;no;no;yes;no
makanan biasa saja .;yes;no;no;no;no
tidak mahal juga tidak murah .;no;no;no;no;no
kurang sreg bumbunya .;yes;no;no;no;no
minumnya juga biasa saja .;yes;no;no;no;no
tidak ada yang istimewa .;no;no;no;no;no
penyajiannya juga very artfull , harganya memang mahal .;yes;no;yes;no;no
harganya sepadan dengan kualitasnya .;no;no;yes;no;no
lucu juga dapat suasana berbeda .;no;no;no;yes;no
walaupun jadi susah manggil pelayan .;no;yes;no;no;no
saya suka salmon rollsnya .;yes;no;no;no;no
tempatnya nyaman dan staffnya juga ramahnoramah .;no;yes;no;yes;no
pernah kesini sekitar tahun 2007 , dan saya sangat terkesan .;no;no;no;no;no
kami menikmati dessertnya dan harga yang terjangkau menurut kami .;yes;no;yes;no;no
sementara pelayanan shuttle dirasa masih kurang .;no;yes;no;no;no
selain tampilannya menggugah selera , rasa enak .;yes;no;no;no;no
entah mengapa rasa kurang memuaskan .;yes;no;no;no;no
menu menu grill ( daging bakar ) disini selalu menggugah selera .;yes;no;no;no;no
servicenya oke , dan harganya juga terjangkau .;no;yes;yes;no;no
dan kalau dibandingkan harga di sini jatuhnya lebih murah .;no;no;yes;no;no
menu favorit saya adalah salmon sashimi , kacang edamamenya enak , juga menu roll sushinya yang juga enak ditambah free ocha yang bisa di refill sama sperti di restoran sushi tei dimanapun yang pernah saya kunjungi .;yes;no;no;no;no
tetapi , pertama coba ternyata enak banget .;no;no;no;no;no
dan , memang enak .;no;no;no;no;no
tempat nyaman .;no;no;no;yes;no
hanya kadang kalau terlalu penuh pelayanan menjadi kurang baik .;no;yes;no;no;no
paling top sushinya .;yes;no;no;no;no
pelayanannya cepat .;no;yes;no;no;no
disini aneka roll enak .;yes;no;no;no;no
nebayaki udon dan salad juga bikin nagih .;yes;no;no;no;no
menu favoritnya fuji roll .;yes;no;no;no;no
makanannya sendiri saya rasakan segar dan enak  . ;yes;no;no;no;no
suasana di restoran ini sangat romantis , waktu yang cocok adalah malam hari .;no;no;no;yes;no
makanannya biasa saja .;yes;no;no;no;no
tetapi tempatnya luar biasa .;no;no;no;yes;
pemandangannya bagus .;no;no;no;yes;no
udaranya segar .;no;no;no;yes;no
makanannya enak .;yes;no;no;no;no
steaknya semua enak .;yes;no;no;no;no
tom yam juga enak .;yes;no;no;no;no
disini berlama lama sambil ngobrol dengan teman atau keluarga sangat nyaman .;no;no;no;no;no
tempat yang romantis dan dengan pemandangan yang luar biasa .;no;no;no;yes;no
restoran mewah dengan nuansa elegant , pemandangan juga sangatlah indah dan keren , memang rate harga cukup mahal .;no;no;yes;yes;no
tetapi terbayarkan karena makanannya enak dan pelayanan yang diberikan juga baik , lokasi terletak paling atas .;yes;yes;no;no;
bagus pemandangan , dan enak makanannya , pelayanannya luar biasa ramah .;yes;yes;no;yes;no
hanya sayang mushala kecil sekali , kebetulan kami datang pas magrib , mungkin pihak management the peak bisa dipertimbangkan untuk perbaikan mushala .;no;no;no;yes;no
sewaktu kita pergi restorannya cukup sepi , mungkin dikarenakan setelah liburan tahun baru .;no;no;no;yes;no
chicken cordon blue enak .;yes;no;no;no;no
servisnya bagus , makanannya enak , pemandangannya luar biasa .;yes;yes;no;yes;no
walaupun sedikit mahal harganya .;no;no;yes;no;no
the peak sangat cocok untuk merayakan saatnosaat istimewa karena tempatnya yang spesial .;no;no;no;yes;no
harga restoran ini relatif mahal , sebanding dengan pelayanan dan makanannya yang berkualitas baik .;yes;yes;yes;no;no
makanannya tidak terlalu enak menurut saya , selling pointnya adalah tempatnya .;yes;no;no;yes;no
lokasi restoran ini mungkin tidak di pusat keramaian bandung .;no;no;no;yes;no
tetapi menawarkan tempat yang nyaman .;no;no;no;yes;no
pilihan makanan sangat beragam , mulai dari makanan tradisional , makanan asia sehingga makanan barat , dengan rasa yang nikmat .;yes;no;no;no;no
untuk makanannya lumayan enak .;yes;no;no;no;no
tetapi harganya juga lumayan mahal .;no;no;yes;no;no
pemandangan dari the stone cafe adalah pemandangan kota cocok untuk suasana romantis .;no;no;no;yes;no
saya kesana membwa group , tempatnya nyaman , makanannya cukup baik dari segi penampilan atau rasa .;yes;no;no;yes;no
sayangnya untuk hiburannya agak jauh , cafe ini menyediakan life band yang letaknya menurut saya agak jauh ( jadi tidak terlalu kedengeran ) , untuk dekorasi sudah oke .;no;no;no;yes;
diawali dengan susah parkir karena penuh pengunjung .;no;no;no;yes;no
tetapi begitu duduk pemandangan bandung citylight keren .;no;no;no;yes;no
pelayanan juga cepat .;no;yes;no;no;no
harga menengah keatas .;no;no;yes;no;no
saya dua kali ke the stone cafe karena suka pemandangan bandung dari sini keren .;no;no;no;no;no
makananya juga enak .;yes;no;no;no;no
makanannya iya di atas ratanorata .;yes;no;no;no;no
pelayannya ramah .;no;yes;no;no;no
disarankan kalau datang memang malam hari dapat atmosfer kerennya .;no;no;no;yes;no
menu favorit sop buntut sama caffe latte .;yes;no;no;no;no
toiletnya jorok , lantainya berdebu , bantalnya juga berdebu .;no;no;no;yes;no
makanan dan minumannya juga tidak ada 1 yang enak .;yes;no;no;no;no
siapa sih yang tidak kenal dago, makanannya enak , pertama kesini nyasar , gara2 belum tahu jalannya , designnya unik , tempat bagus   , nyaman , nyaman , adem karena di daerah pegunungan .;yes;no;no;yes;no
makanannya enak apalagi sop buntutnya .;yes;no;no;no;no
makanan enak , suasana yang dingin romantis pas banget kalau jalan sama pasangan , pemandangan restoran keren lebih pas kalau datang untuk makan malam .;yes;no;no;yes;no
the valley merupakan restoran yang mengedepankan cita rasa tinggi   , sehingga rasa makanan , tampilan makanan , lokasi dan pelayanan benarnobenar prima .;yes;yes;no;yes;no
yang paling utama ialah pilihan makanan demikian bervariasi dan suasana malam yang menyenangkan dengan cuaca relatif dingin dengan pemandangan kota bandung .;yes;no;no;yes;no
makanan yang relatif enak dengan porsi cukup besar , jika untuk anak anak rasanya perlu berbagi porsi .;yes;no;no;no;no
makanan dan cafenya oke banget .;yes;no;no;yes;no
suasana yang dingin . ;no;no;no;yes;no
restoran yang memiliki pemandangan yang bagus .;no;no;no;yes;no
makanan yang kami pesan adalah zupa soup dan hot chocolate sangatlah enak dan lezat pas dengan cuacanya yang dingin .;yes;no;no;yes;no
jika ingin cari tempat romantis buat tempat candle lampu dinner , disini tempatnya .;no;no;no;yes;no
pemandangan yang indah , dengan lampu temaram menambah asyik suasana .;no;no;no;yes;no
untuk harga , bisa dibilang cukup mahal .;no;no;yes;no;no
pemandangan dsini sangat bagus kalau malam kita bisa lihat kota bandung .;no;no;no;yes;no
makanannya enak .;yes;no;no;no;no
udara dingin .;no;no;no;yes;no
untuk makan tergolong mahal .;yes;no;no;no;no
tetapi pemandangannya benarnobenar dapat .;no;no;no;yes;no
pemandangannya bagus sih .;no;no;no;yes;no
tetapi makanannya biasa aja terus kita harus deposit dulu sebelum masuk , pelayanannya kurang profesional mungkin karena mengambil dari warga sekitar maklum lokasinya lumayan jauh kalau harus ke pusat bandung .;yes;yes;no;yes;
pilihan khusus kopi luar biasa , cocok dengan preferensi saya  . ;yes;no;no;no;no
tempatnya juga lumayan luas jadi tidak perlu rebutan meja .;no;no;no;yes;no
pelayanan efisien .;no;yes;no;no;no
tempatnya sangat nyaman buat ngopi dan menenangkan diri .;no;no;no;yes;no
makanannya enaknoenak , affogatonya disarankan .;yes;no;no;no;no
kopinya standar .;yes;no;no;no;no
tetapi tempatnya enak untuk kumpulnokumpul .;no;no;no;yes;
makanannya enak .;yes;no;no;no;no
makanannya di sini mengandung babi .;yes;no;no;no;no
enak banget makanan sarapannya menurut saya .;yes;no;no;no;no
kami masuk ke tempat ini di mana tempatnya cukup bagus interiornya dan ada dua bagian area merokok dan tidak merokok .;no;no;no;yes;no
untuk lattenya cukup bagus dari sisi penyajiannya .;yes;no;no;yes;no
akan tetapi untuk rasanya agak terlalu banyak susunya .;yes;no;no;no;no
kemudian untuk menu brunch kami , big breezky menarik dari sisi penyajiannya .;yes;no;no;no;no
untuk rasa roti , jamur , bacon dan sosisnya cukup enak .;yes;no;no;no;no
sedangkan untuk rasa telurnya saat ini kami pilih untuk di poaced agak terlalu matang .;yes;no;no;no;no
secara keseluruhan untuk cafe ini cukup menarik dan boleh di kunjungi saat anda di bandung .;no;no;no;no;no
selalu menjadi tempat ngopi favorit saya di bandung .;no;no;no;yes;no
tempatnya sangat nyaman dengan barista yang ramah juga informatif dengan kopi .;no;yes;no;yes;no
yang saya suka di sini adalah pemilihan kopi mereka selalu terbaik .;yes;no;no;no;no
selain tempat yang nyaman .;no;no;no;yes;no
omega lovers jadi favorit saya dan varian kopi ethiopia adalah yang terbaik .;yes;no;no;no;no
bratwurst dan bacon enak .;yes;no;no;no;no
cara penyajian bagus .;yes;no;no;no;no
menarik dan unik . ;no;no;no;no;no
menu tidak terlalu banyak .;yes;no;no;no;no
nyaman buat makan siang  . ;yes;no;no;no;no
dan sepertinya berasa romantis untuk makan malam  . ;yes;no;no;no;no
harga tergolong mahal . ;no;no;yes;no;no
tetapi porsinya besar untuk makanan yang saya pesan   , yaitu bebek betutu dan bebek bukit tinggi .;yes;no;no;no;no
kaya bumbu dan rasa  . ;yes;no;no;no;no
sambal juga mantap  . ;yes;no;no;no;no
jadi meski mahal   , saya tidak kecewa  . ;no;no;no;no;no
makanan cukup beragam dari chinese makanan   , eropean dan indonesian makanan  . ;yes;no;no;no;no
duduk di saungnosaung melihat kolam ikan diiringi live music memberikan suasana yang relaks  . ;no;no;no;yes;no
restoran ini cukup besar;no;no;no;yes;no
jika malam hari   , lilin dan lampu kecil dipasang yang membuat suasana romantis  . ;no;no;no;yes;no
cocok datang bersama pasangan  . ;no;no;no;no;no
makananya enak dan harganya setimpal  . ;yes;no;yes;no;no
atmosphere merupakan tempat yang tepat jika anda ingin makan malam baik bersama teman maupun kelurga   , bahkan cocok untuk keluarga besar  . ;no;no;no;yes;no
pilihan makanan lebih ke western dengan suasana yang sangat nyaman dan menyenangkan   , jika ingin kesana saat weekend anda sepertinya perlu melakukan reservasi untuk memastikan kebagian tempat   , seringkali ada live music juga  . ;no;no;no;yes;no
cafe ini cukup unik  . ;no;no;no;yes;no
dari pintu masuk terlihat seperti cafe biasa saja  . ;no;no;no;yes;no
akan tetapi setelah masuk ke dalam suasananya berbeda sekali  . ;no;no;no;yes;no
saya suka berada disini  . ;no;no;no;no;no
hanya saja makanan kurang menurutku  . ;yes;no;no;no;no
menu makanan sangat banyak . ;yes;no;no;no;no
tetapi rasa dari tiap makanan agak kurang .;yes;no;no;no;no
saya sangat suka dengan soup yang mereka sediakan   , enak dan gurih  . ;yes;no;no;no;no
cahaya lilin   , saung yang berjauhan   , dan kolam ikan di tengah memberikan suasana romantis bagi pasangan  . ;no;no;no;yes;no
untuk makanan dan minuman sendiri   , rasanya lumayan di lidah  . ;yes;no;no;no;no
cafe sekaligus restoran ini pemandangannya sangat bagus  . ;no;no;no;yes;no
cocok untuk para pasangan yang mau candle lampu makan malam  . ;no;no;no;no;no
tetapi untuk makan malam sama keluarga juga sangat direkomendasikan  . ;yes;no;no;no;no
bandung memang banyak punya tempat yang bagus dan bagus pemandangan  . ;no;no;no;yes;no
bitter ballen harga sangat bersahabat untuk lokasi dan makanan  . ;no;no;yes;no;no
tadinya berpikir restoran braga permai punya harga makanan yang mahal   , ternyata di luar dugaan  . ;no;no;yes;no;no
harganya tidak terlalu mahal . ;no;no;yes;no;no
tetapi pelayanannya mengagumkan .;no;yes;no;no;no
selain rasanya mengesankan   , harganya relatif terjangkau  . ;yes;no;yes;no;no
menunya ada western dan indo   , yang paling saya suka pizzanya  . ;yes;no;no;no;no
bagi yang senang bernostalgia   , tempat ini tidak bakal mengecewakan  . ;no;no;no;yes;no
cita rasanya makanannya biasa saja  . ;yes;no;no;no;no
yang disarankan cuma nasi goreng  . ;yes;no;no;no;no
fettucini enak dan makanan penutupnya sangat unik dan enak  . ;yes;no;no;no;no
tetapi tidak dengan hidangan ayam olahan seperti cordon blue   , dagingnya terasa tidak segar dan agak bau  . ;yes;no;no;no;no
maka   , penilaian saya  : huzarensla di sini termasuk enak jika dimakan dengan roti panggang bawang putih  . ;yes;no;no;no;no
namun   , di luar dugaan   , bihun kuah ini ternyata disajikan dalam porsi yang besar   , bisa untuk makan bertiga  . ;yes;no;no;no;no
rasanya mengecewakan  ( dengan catatan saya makan apa adanya   , tidak menambahkan garam   , merica atau apapun ke dalamnya  ) karena   , pertama   , kuahnya bagi saya kurang panas  . ;yes;no;no;no;no
kedua   , kaldu ayamnya tidak terlalu berasa;yes;no;no;no;no
perpaduan rasa yang timbul bagi saya aneh  . ;yes;no;no;no;no
pelayan lalu berkelit lagi dengan menunjukkan tablet pencatat order makanan bertuliskan bihun kuah rp 44  . 500  . ;no;yes;no;no;no
pelayan masih coba berkelit lagi  . ;no;yes;no;no;no
meskipun waktu saya makan di sana   , ada ensembel musik yang menyanyikan lagunolagu lama yang saya sukai;no;no;no;yes;no
ice cream dan nasi goreng di tempat ini adalah menu favorit yang sering saya beli   , porsinya cukup untuk memuaskan perut yang sedang lapar  . ;yes;no;no;no;no
kami memutuskan makan disini karena ada live music lagunolagu jaman dulu yang dimainkan di area pintu masuknya   , pas sekali dengan suasana restonya  . ;no;no;no;no;no
tanpa kami duga makanannya cukup terjangkau   , ratanorata dibawah 80000  . ;yes;no;no;no;no
saya pesan spageti aglio olio   , dan itu enak sekali   , yang terenak yang pernah saya makan  . ;yes;no;no;no;no
pertama datang ayamnya masih setengah matang  ! ;yes;no;no;no;no
secara keseluruhan bagus   , layak dicoba  . ;no;no;no;no;no
hari biasa   , pengunjung tidak terlalu banyak jadi tempat yang nyaman untuk merenung   , meresapi keindahan alam  . ;no;no;no;yes;no
saya suka tempat ini dengan bunganobunganya yang indah  . ;no;no;no;yes;no
sangat ramai pada musim liburan sehingga perlu bersabar untuk bisa bersantap dan bersantai  . ;no;no;no;no;no
menuju dusun bambu sangat mudah   , perlu bayar 15000 untuk dapat masuk dan meikmati fasilitas shuttle dari area parkiran menuju area tempat makan   , tersedia restoran   , foodcourt   , saung pinggir kolam dan sangkarnosangkaran yang dapat di sewa perjam   , untuk makanan cukup enak   , dengan harga termasuk mahal  . ;yes;no;yes;no;no
lebih dapat dinikmati saat sore menjelang malam   , udara dingin sudah terasa dan lampunolampu sudah mulai menyala  . ;no;no;no;yes;no
tempat makan ini ramai saat liburan  . ;no;no;no;yes;no
tempatnya bagus dengan pemandangan yang sangat indah untuk fotonofoto  . ;no;no;no;yes;no
kekurangannya  : pada saat masuk dipungut tiket masuk   , jika ingin makan di pinggir danau harus reservasi dulu sayangnya reservasi tidak bisa online   , kupon yang ditukarkan tidak bisa diuangkan kembali   , harga makanannya lumayan mahal  . ;no;no;yes;no;no
tetapi secara keseluruhan lumayanlah karena lumayan banyak spot indah buat fotonofoto  . ;no;no;no;yes;no
makanan mahal memang cocok untuk bermain anak sih  . ;yes;no;no;no;no
cocok untuk wisata keluarga  . ;no;no;no;no;no
yang paling bagus itu restoran sangkar burungnya .;no;no;no;yes;no
restoran sangkar burungnya harus antri reservasi dan tergolong maahhal  . ;no;no;no;yes;no
dan satu lagi kalau kesini harus bawa kocek yang banyak karena makanan yang di jual disini mahal  . ;yes;no;no;no;no
fasilitas oke   , anak sangat riang   , ada atv   , mini farm   , danaunya bagus   , makanan lengkap   , layout taman alami dan tertata  . ;yes;no;no;yes;no
pemandangannya bagus  . ;no;no;no;yes;no
banyak tempat makan yang enak no enak  . ;yes;no;no;no;no
salah satu restoran tiongkok favorit saya  . ;no;no;no;yes;no
makanannya enak  ! ;yes;no;no;no;no
porsinya juga besar   , dan pilihan masakannya enak  . ;yes;no;no;no;no
restorannya cukup besar dan banyak tempat duduknya  . ;no;no;no;yes;no
masakan favorit saya adalah kepiting sokanya dan juga tahu seafood  . ;yes;no;no;no;no
restoran ini sangat cocok untuk makan bersama keluarga  . ;no;no;no;yes;no
menu yang tersedia sangat beragam mulai dari daging ayam   , bebek   , udang   ,   , ikan   , daging sapi dan lainnolain yang diolah dengan cara digoreng atau dikukus  . ;yes;no;no;no;no
lebih baik datang di hari minggu atau hari libur karena menu yang tersedia lebih beragam dan tinggal diambil di meja display sesuai dengan yang kita inginkan  . ;yes;no;no;no;no
datang lebih siang   , siapnosiap masuk daftar tunggu karena tamunya sangat banyak  . ;no;yes;no;no;no
makanan yang patut dicoba sup burung dara  . ;yes;no;no;no;no
hakaondan dimsum lainnya   , sup burung dara   , udang mayonaise   , semuanya terbaik di bandung  . ;yes;no;no;no;no
restoran ini umumnya ramai saat kami berkunjung  . ;no;no;no;yes;no
udang mayonnaise termasuk paling lezat dari restoran yang kami kunjungi  . ;yes;no;no;no;no
tahu spesial easternnya  ( campuran tahu   , sayuran dan jamur dengan saos tiram kental  ) lezat  . ;yes;no;no;no;no
ikan gurami telornya asinnya cukup lezat . ;yes;no;no;no;no
ikan gurami telornya ada sedikit bau tanah .;yes;no;no;no;no
layanan stafnya ramah dan cukup cepat dalam kondisi semua meja terisi  . ;no;yes;no;no;no
saya lupa nama persis menunya tetapi buncisnya enak banget  ! ;yes;no;no;no;no
dan dimsumnya juara di sini   , semuanya enaknoenak   , apalagi kalau dimakan dengan minyak cabenya yang terkenal  ! ;yes;no;no;no;no
di restoran ini kita dapat menikmati chinese makanan dengan harga yang seimbang dengan kualitas dan servisnya memuaskan  . ;no;yes;yes;no;no
saya suka sekali dengan sup burung dara no   , menurut saya disarankan  ! ;yes;no;no;no;no
enak sekali  ! ;no;no;no;no;no
dimsumnya enak   , terutama siomaynya   , yang merupakan campuran daging ayam dan udang  . ;yes;no;no;no;no
sup burung daranya terkenal  . ;yes;no;no;no;no
ketika memasuki restoran   , saya sempat merasa nyaman dengan suasana dan tata letak meja dan kursi yang cukup lapang  . ;no;no;no;yes;no
aneka ragam dimsum tersedia dan memang rasanya bisa dibilang nikmat  . ;yes;no;no;no;no
kami senang akan rasa makanan yang disediakan   , semuanya berjalan lancar sampai ketika datanglah pesanan kwetiaw goreng cah sapi  . ;yes;no;no;no;no
sungguh tidak profesional dan sama sekali tidak ada empatinya  . ;no;no;no;no;no
tempatnya nyaman banget buat ngobrol sama teman  . ;no;no;no;yes;no
varian pizza enak enak  . ;yes;no;no;no;no
pasta juga enak  . ;yes;no;no;no;no
disini banyak varian makanannya  . ;yes;no;no;no;no
kentang goreng rasa rendangnya juara  . ;yes;no;no;no;no
enak banget  . ;no;no;no;no;no
varian minumannya juga banyak  . ;yes;no;no;no;no
untuk harga iya standar cafe lah  . ;no;no;yes;no;no
restorannya desainnya unik   , lokasinya bagus dan makanannya enak juga  . ;yes;no;no;yes;no
desainnya lucu dan unik . ;no;no;no;yes;no
tetapi untuk menginap di sini disarankan jangan karena restorannya ramai sekali .;no;no;no;yes;no
menu ternyata lumayan beragam dan rasanya enak  . ;yes;no;no;no;no
harganya menengah keatas  . ;no;no;yes;no;no
staf cekatan  . ;no;yes;no;no;no
just bagus  . ;no;no;no;no;no
tidak sampai luar biasa . ;no;no;no;no;no
saya pesan grilled salmon dan cukup enak . ;yes;no;no;no;no
tetapi potongannya terlalu tebal .;yes;no;no;no;no
tempatnya nyaman dan tenang  . ;no;no;no;yes;no
menu makanannya cukup banyak dan enak no enak  . ;yes;no;no;no;no
porsinya pas buat saya makan sendiri  . ;yes;no;no;no;no
dengan porsi sebanyak ini   , menurut saya wajar kalau harganya cenderung sedikit mahal  . ;yes;no;yes;no;no
yang agak sulit tempat parkirnya saja  . ;no;no;no;yes;no
harganya sedikit lebih mahal . ;no;no;yes;no;no
harganya oke lah masih lebih murah untuk ukuran jakarta;no;no;yes;no;no
tempat bagus . ;no;no;no;yes;no
tempat sering penuh sehingga terlalu ramai untuk anda yang tidak suka suasana ramai .;no;no;no;yes;no
harga agak mahal rasa biasa saja  . ;yes;no;yes;no;no
restoran hummingbird merupakan restoran yang menyediakan berbagai makanan terutama makanan bergaya western dengan cita rasa yang berkelas dan unik  . ;yes;no;no;no;no
interior restoran juga ditata dengan sangat indah sehingga sangat nyaman untuk tempat hang out ataupun bersantai  . ;no;no;no;yes;no
suasana lembah dengan air terjun kecil yang luar biasa dengan makanan yang kualitasnya oke   , serta harga yang pantas  . ;yes;no;yes;yes;no
madajan biasanobiasa tidak ada yang spesial pelayanan biasa saja  . ;no;yes;no;no;no
wow   , tempatnya sangat romantis  . ;no;no;no;yes;no
lilin   , jalan mendaki   , konsep lesehan di tengah suara air terjun yang cukup dekat membuat suasana makan lebih nikmat  . ;no;no;no;yes;no
sesampainya di tempat makan   , konsep lesehan dengan disediakan bantal agar lebih nyaman  . ;no;no;no;yes;no
bisa tiduran juga karena tempat makan cukup besar  . ;no;no;no;yes;no
sedikit terkejut karena satu porsi cukup banyak untuk satu orang dewasa  . ;yes;no;no;no;no
makanannya enaknoenak dan bervariasi  . ;yes;no;no;no;no
mungkin yang sedikit mahal adalah kerak telor  . ;yes;no;no;no;no
sewaktu pulang kami ditawarkan brokoli dengan harga yang terbilang wajar dan patut dibeli jika anda suka dengan brokoli  . ;no;no;yes;no;no
nyaman   , bersih   , makanan yang enak   , dan sejuk  ! ;yes;no;no;no;no
saungnosaung yang nyaman lengkap dengan bantal dan guling   , suara air mengalir juga alunan musik sunda  . ;no;no;no;yes;no
selain tempat dan makanan yang enak   , yang berkesan dari tempat ini adalah petugas toilet yang sangat ramah  . ;yes;yes;no;yes;no
tempat yang wajib dikunjungi di daerah lembang bandung   , termasuk restoran mewah dengan berbagai variasi makanan   , tempat gubukannogubukan yang begitu nyaman dengan kucuran air mancur sehingga membuat kami betah berlama lama disini  . ;yes;no;no;yes;no
kampung daun ini sangat bagus untuk dikunjungi pada malam hari saat ada di lembang karena suasana sangat asri sekali   , dan dingin   , pokoknya cocok untuk habiskan waktu dengan keluarga  . ;no;no;no;yes;no
suasana rumah makannya homy   , menu sangat bervariasi dan dihidangkan dengan cepat  . ;yes;no;no;yes;no
tempatnya alami dan menyatu dengan alam  . ;no;no;no;yes;no
makanannya enak . ;yes;no;no;no;no
makanannya mahal .;yes;no;no;no;no
makanannya setimpal .;yes;no;no;no;no
tenang suasananya   , ditambah suara air sungai semakin membuat rileks dan berlamanolama disana  . ;no;no;no;yes;no
suasana di restoran ini sangat nyaman dan nyaman  . ;no;no;no;yes;no
selain itu   , semua menu yang kami pilih ternyata sangat enak   , steak sangat empuk dan well made  . ;yes;no;no;no;no
saya paling suka donut steak yang mensubtitusi burger bun dengan sugar glazed donut  . ;yes;no;no;no;no
sangat enak  ! ;no;no;no;no;no
lokasinya di jalan riau   , tempatnya lumayan oke   , dekorasinya bergaya hutan  . ;no;no;no;yes;no
waktu saya kesini lagi ramai banget  . ;no;no;no;no;no
untuk makanannya saya suka sirloin steaknya   , enak  . ;yes;no;no;no;no
harganya juga murah menurut saya  . ;no;no;yes;no;no
harga juga standar lokasi cukup strategis di kawasan factory outlet jalan riau  . ;no;no;yes;yes;no
suasanya cukup nyaman serta staf restoran yang sangat membantu  . ;no;yes;no;yes;no
steaknya cukup empuk  . ;yes;no;no;no;no
sayurannya terlalu sedikit dan saucenya dikit banget buat sekilo  . ;yes;no;no;no;no
harganya setimpal dan pelayanannya ramah banget  :  )  . ;no;yes;yes;no;no
saya cukup kaget karena harga sirloin hanya rp 45 ribu   , saya pikir porsinya akan kecil   , ternyata dugaan saya salah   , rasanya enak dan porsinya cukup  . ;yes;no;no;no;no
saya menemukan restoran dengan pemandangan lumayan menantang  . ;no;no;no;yes;no
sangat bagus restorannya semuanya di desain rapi dan bersih  . ;no;no;no;yes;no
baik makanan dan minuman sangat enak segar dan variasi  . ;yes;no;no;no;no
sangat bagus untuk kalangan tongkrongan temannoteman  . ;no;no;no;no;no
great restoran in bandung  . ;no;no;no;yes;no
suasana restoran didesain seperti halloween   , sangat menarik di malam hari  . ;no;no;no;yes;no
cocok untuk makan bersama temannoteman  . ;yes;no;no;no;no
tempatnya bagus   , selain menyediakan makanan yang enak   , tempat ini juga menyediakan pemandangan kota bandung  . ;yes;no;no;yes;no
cafe yang cukup indah . ;no;no;no;yes;no
café sangat kotor untuk ukuran cafe saya mendapati banyak kotoran dibagian depan dibagian kasur untuk rasa standar dan harga tergolong standar .;yes;no;yes;yes;
makan malam disini salah satu yang terbaik menurut saya baik dari pilihan makanan dan tentu saja dari pemandangan yang anda dapat di restoran ini udara dingin menambah suasana makan malam anda lebih seru serta pilihan menu yang sangat beragam yang ditawarkan di tempat ini  . ;yes;no;no;yes;no
pada saat sampai di tempat parkir   , udara di luar sangat segar  . ;no;no;no;yes;no
akan tetapi di dalam restorannya sendiri udara tidak segar dan bau rokok   , banyak orang merokok;no;no;no;yes;
untuk makanan   , rasanya standar  . ;yes;no;no;no;no
tetapi porsinya kecil .;yes;no;no;no;no
satu hal lagi yang mengganggu adalah meja untuk makannya berdebu  . ;no;no;no;yes;no
pelayanan oke dan makanan cepat datang  . ;yes;yes;no;no;no
tempat ini mudah dicari karena terletak di pinggir jalan utama  . ;no;no;no;yes;no
cukup menarik dan nyaman untuk sekedar menghabiskan waktu bersama teman atau keluarga  . ;no;no;no;no;no
makanan dan minuman yang disajikan lumayan  . ;yes;no;no;no;no
harga juga tidak terlalu mahal  . ;no;no;yes;no;no
lokasi tidak terlalu jauh dari jalan utama   , pemandangan di malam hari oke tuk melepas penat dari jakarta  . ;no;no;no;yes;no
makanan rasanya biasa saja karena memang yang dijual pemandangan dan interior restoran  . ;yes;no;no;no;no
untuk rasa makanannya secara keseluruhan cukup enak dan minumannya juga berasa  . ;yes;no;no;no;no
di mana untuk suasananya cukup bagus  . ;no;no;no;yes;no
akan tetapi harganya sedikit agak mahal  . ;no;no;yes;no;no
datang bersama keluarga   , ada kue shop kecil   , agak mahal untuk kue . ;yes;no;no;yes;no
kue enak .;yes;no;no;no;no
beberapa menu makanan enak   , porsi cukup   , harga diatas ratanorata  . ;yes;no;yes;no;no
tetapi suasana sangat menyenangkan   , terutama kalau datang beramainoramai   , ada playground diluar dan didalam   , anaknoanak kecil tidak akan bosan;no;no;no;yes;no
datang ke miss bee pagi hari ternyata sudah ramai untuk sarapan  . ;no;no;no;yes;no
terletak di ketinggian   , miss bee memberikan suasana sejuk   , tersedia beberapa ruangan untuk makan   , yang unik tentu di rumah kaca  . ;no;no;no;yes;no
keseluruhan menu sangat bervariasi termasuk makanan indonesia dan barat  . ;yes;no;no;no;no
menu sarapan juga cukup variasi   , porsi cukup besar   , rasanya cukup enak   , selain sarapan di tempat   , saya memesan makanan untuk dibawa pulang  . ;yes;no;no;no;no
sangat menyenangkan  . ;no;no;no;no;no
semua makanan western enak   . ;yes;no;no;no;no
tetapi untuk masakan iga bakar agak keras dagingnya .;yes;no;no;no;no
disini menu pilihannya banyak  . ;yes;no;no;no;no
udaranya segar  . ;no;no;no;yes;no
tempatnya cantik  . ;no;no;no;yes;no
makanannya enaknoenak terutama fish dan chips  . ;yes;no;no;no;no
patut dicoba  . ;no;no;no;no;no
banyak spotnospot untuk foto  . ;no;no;no;yes;no
pelayanan ramah dan cepat tanggap  . ;no;yes;no;no;no
suasana restoran menyenangkan   , dekorasi bagus   , dan tersedia playground kecil untuk anaknoanak bermain di bagian belakang  . ;no;no;no;yes;no
untuk rasa makanan   , cukup enak  . ;yes;no;no;no;no
porsi dan harga sebanding  . ;yes;no;yes;no;no
karena antrian untuk makan disini cukup panjang   , jangan cobanocoba unutk datang langsung tanpa reservasi karena akan lama untuk anda dapat tempat duduk   , terutama di saat akhir pekan  . ;no;yes;no;no;no
hidangannya berupa menu fusion asia no western dengan cita rasa yang bervariasi dan enak  . ;yes;no;no;no;no
minumannya juga banyak yang menarik  . ;yes;no;no;no;no
kopinya lumayan  . ;yes;no;no;no;no
rumah kaca dan tempat bermain anak yang menjadi daya tarik tempat ini juga  . ;no;no;no;yes;no
saya kesini karena penasaran dengan tempatnya dan ternyata benar   , tempatnya bagus dan makanannya enaknoenak semuasaya pesen melted chiken rosti dan hot lemon tea   , untuk makanan penutup saya pilih baileys mudslide dan ini rasanya enak sekali aduh bikin ingin lagi  . ;yes;no;no;yes;no
harganya masih pantas untuk ukuran restoran di bandung  . ;no;no;yes;no;no
tempatnya asyik banget seperti di perumahan begitu jadi sepi dari suara kendaraan  . ;no;no;no;yes;no
tempat yang bagus   , bisa melihat kolam ikan koi   , boleh coba gurame goreng garing yang terkenal  . ;yes;no;no;yes;no
daging gurame yang difillet lalu digoreng satu per satu sangat enak  . ;yes;no;no;no;no
cumi bakar isi cukup terkenal disini  . ;yes;no;no;no;no
makanan enak yang biasa pesan adalah udang windu bakar  . ;yes;no;no;no;no
banyak tempat makan dengan harga terjangkau  . ;no;no;yes;no;no
namun dengan rasa istana .;yes;no;no;no;no
harga mahal  ! ;no;no;yes;no;no
lokasi tersembunyi   , dan rasa makanan biasa saja  . ;yes;no;no;yes;no
hidangan lautnya banyak pilihan dan bumbunya luar biasa  . ;yes;no;no;no;no
makanan di raja rasa sangat memuaskan  . ;yes;no;no;no;no
seafood di raja rasa sangat segar dan saya pasti akan ke sini lagi  . ;yes;no;no;no;no
saya kesini sama keluarga   , makanan enak dan seafood segar   , tidak bau amis juga  . ;yes;no;no;no;no
untuk harga bisa dibilang lumayan mahal  . ;no;no;yes;no;no
sushinya pilihannya banyak dan relatif murah dibanding di restoran jepang dengan kualitas yang sama  . ;yes;no;no;no;no
nabeyaki udonnya juga top  ! ;yes;no;no;no;no
menu kesukaan saya fried salmon skin   , fried garlic rice with chicken   , pastinya dilengkapi sama sushi  . ;yes;no;no;no;no
tempat paling pas buat pengemar masakan jepang   , rasanya enak   , tempatnya asyik dan yang pasti harga terjangkau  . ;yes;no;yes;yes;no
ini tempat makan kesukaan saya dari dulu sampai sekarang  . ;no;no;no;yes;no
sushi roll enaknoenak  . ;yes;no;no;no;no
sayang baru kali ini saya dapat sushi roll yang ukurannya lebih kecil dari biasanya dan chicken katsu currynya nasinya keras dan sudah dingin  . ;yes;no;no;no;no
biasanya nasinya masih panas dan empuk  . ;yes;no;no;no;no
nuansa restoran dibuat khas jepang   , makanannya cukup beragam tidak hanya sushi  . ;yes;no;no;no;no
selalu tidak mengecewakan  . ;no;no;no;no;no
seaweed saladnya enak  . ;yes;no;no;no;no
salmon crispy mentai sushinya juara  . ;yes;no;no;no;no
salmon sashiminya harganya tidak terlalu mahal  . ;no;no;yes;no;no
beberapa hari lalu habis dari sushi tei   , ke sushi tei bisa sampai 2 atau 3 kali sebulan   , suka banget sama sushinya  ! ;yes;no;no;no;no
sushi favoritku spicy salmon   , their hand rolls are great too  ! ;yes;no;no;no;no
spicy miso ramen super duper enak   , sendirian suka tidak habis   , karena porsinya gede~  : d minumannya enak semua   , karena menyegarkan   , karena kalau habis makan sushi tidak bisa langsung dimakan semua   , harus istirahat dan minum  . ;yes;no;no;no;no
 < xx dan their sushi is tidak sangat mahal  . ;yes;no;no;no;no
secara keseluruhannya sih bagus  . ;no;no;no;no;no
karyawannya juga ramah ramah  . ;no;yes;no;no;no
dan pemandangannya bagus  . ;no;no;no;yes;no
tetapi makanannya terlalu mahal  . ;yes;no;no;no;no
mahal banget bahkan  . ;no;no;no;no;no
saya sangat suka sekali suasana di restoran ini   , sangat comfy apalagi di malam hari  . ;no;no;no;yes;no
pelayannya ramah   , menyempatkan becanda dengan anaknoanak saya  . ;no;yes;no;no;no
walaupun agak sedikit mahal compare to others   , tetapi enak  . ;no;no;no;no;no
makanannya cepat datang  . ;yes;no;no;no;no
pelayanannya juga saat itu cekatan dan ramah  . ;no;yes;no;no;no
rasanya buat saya lumayan enak  . ;yes;no;no;no;no
secara keseluruhan kami senang makan malam di sini  . ;yes;no;no;no;no
restoran mewah yang di konsep sangat eleghan ini cocok untuk makan malam romantis bagi pasangan  . ;no;no;no;yes;no
konsep bisa juga untuk bersantai bersama sahabat atau keluarga;no;no;no;yes;no
sayangnya makanan di restoran ini tidak cukup beragam   , dan memiliki rate harga yang tinggi  . ;yes;no;yes;no;no
namun terbayar dengan kualitas pelayanan yang baik .;no;yes;no;no;no
restoran ini cukup luas   , suasana sangat menyenangkan   , pengunjung dapat melihat pemandangan kota bandung  . ;no;no;no;yes;no
terletak di tepi bukit   , tempatnya luas   , menyenangkan dan nyaman  . ;no;no;no;yes;no
pegawainya cekatan dan ramah  . ;no;yes;no;no;no
menu makanan di dominasi oleh menu steak walaupun ada juga menu nasi goreng   , gurame   , dan lainnolain  . untuk rasa   , tergolong standar   , dengan harga yang cukup mahal  . ;yes;no;yes;no;no
restoran yang direkomendasikan untuk dikunjungi ketika datang ke bandung  . ;no;no;no;yes;no
tempatnya memiliki pemandangan yang bagus  . ;no;no;no;yes;no
makanannya juga lumayan enak  . ;yes;no;no;no;no
sop buntutnya boleh dicoba   , cocok dengan udara digin di cafe ini  . ;yes;no;no;yes;no
dan untuk pelayanan   , pelayannya juga ramahnoramah  . ;no;yes;no;no;no
menu makanan cukup enak   , di teras atas   , disuguhi pemandangan kota bandung  . ;yes;no;no;no;no
dan memesan minum   , waktu tunggu dari minuman pesan sehingga sampai memakan waktu yang cukup lama  . ;no;yes;no;no;no
desain cafenya unik   , pelayannya ramah   , masakannya enak   , plus kami dapat souvenir udeng keren khas sunda  . ;yes;yes;no;yes;no
restoran ini menyediakan menu makanan indonesia dan western dan juga minumanannya sangat lengkap   , suasana makan menyenangkan di saung sambil melihat pemandangan kota bandung  . ;yes;no;no;yes;no
pelayanan menyenangkan   , harga sesuai kualitas dan pelayanan  . ;no;yes;yes;no;no
tempat makan yang menyenangkan sambil menikmati pemandangan alam dan kota bandung dari atas bukit dago . ;no;no;no;yes;no
akan tetapi makanannya cukup mahal .;yes;no;no;no;no
akan tetapi rasa yang diberikan sangat lezat dan enak .;yes;no;no;no;no
cocok sekali untuk hang out bersama saudara dan teman dengan suasana cafe yang berbeda  . ;no;no;no;yes;no
hanya saja   , sound yang dikeluarkan terbilang kecil   , sangat disayangkan  . ;no;no;no;yes;no
sound apabila dilihat dari sekitar   , masih ada pemukiman yang pasti akan terganggu apabila music terdengar kencang .;no;no;no;yes;no
kalaupun memang agak mahal   , anggap saja kita membeli suasana yang berbeda untuk ke cafe  . ;no;no;no;yes;no
cocok banget buat kumpulnokumpul sama teman  . ;no;no;no;no;no
tempatnya nyaman   , makanannya enaknoenak banget  . ;yes;no;no;yes;no
sangat disarankan restoran di bandung  . ;no;no;no;yes;no
makanannya enak semua   , dari snack   , makanan utama sampai makanan penutup enak dan porsi mengenyangkan  ! udara sejuk   , tempatnya terang cocok untuk keluarga atau acara kantor  . ;yes;no;no;yes;no
salah satu tempat makan kesukaan kami  . ;no;no;no;yes;no
harganya memang mahal sekali untuk ukuran bandung  . ;no;no;yes;no;no
tempatnya sangat nyaman dan romantis  . ;no;no;no;yes;no
paling enak sup zuppanya dan kuenokuenya  . ;yes;no;no;no;no
sangat ramai dikunjungi apalagi wekeend  . ;no;no;no;no;no
porsi makanan yang disajikan cukup besar sebanding dengan harganya yang cukup mahal  . ;yes;no;yes;no;no
pelayanan juga sangat baik  . ;no;yes;no;no;no
sangat bagus kesini sore menjelang malam agar bisa menikmati suasana kota bandung dari ketinggian  . ;no;no;no;yes;no
saya memilih malam hari mengunjungi the valley restoran dengan alasan selain untuk santap malam suasana romantis juga dapat traveller dapatkan disini  . ;no;no;no;yes;no
duduk di teras adalah pilihan terbaik untuk mendapatkan pemandangan yang cantik akan kota bandung dan menikmati sejuknya udara  . ;no;no;no;yes;no
dari segi cita rasa kulier juga saya beri acungan jempol steak yang menjadi kesukaan saya disini  . ;yes;no;no;no;no
kesimpulan the valley adalah restoran yang paling cocok bagi traveller yang mengejar suasana romantis dan cita rasa kulier yang enak  . ;yes;no;no;yes;no
makan disini enaknya saat malam hari  . ;no;no;no;no;no
saat udara dingin sambil memandang pemandangan kota bandung  . ;no;no;no;yes;no
harga makanan disini termasuk mahal  . ;no;no;yes;no;no
atmosfir restoran yang yahud  . ;no;no;no;yes;no
buat anda yang hunting restoran dengan suasana yang romantic tidak salah lagi kesini ajah  . ;no;no;no;yes;no
menu sukinya lebih oke  . ;yes;no;no;no;no
menu sukinya kayaknya sedang apa yah jauhnojauh bermacet ria kesini cuma mencari itu .;yes;no;no;no;no
pemandangan bandung di night megang banget  . ;no;no;no;yes;no
bahan makanan yang disediakan cukup beragam dan ratanorata untuk daging sapi sudah diberi bumbu  ( barbeque   , lada hitam   , dan lainnolain  )  . ;yes;no;no;no;no
tempatnya cukup luas dan mejanya cukup banyak  . ;no;no;no;yes;no
tetapi memang restoran ini sangat romantis dengan pemandangannya yang sangat indah di malam hari  . ;no;no;no;yes;no
makanannya juga lezat dengan harga yang terjangkau  . ;yes;no;yes;no;no
kami ke two hands penuh karena melihat review beberapa blogger tentang tempat ini dan menunya yang sophisticated  . ;yes;no;no;no;no
tempat yang menyenangkan   , juga layanan staf yang penuh senyum  . ;no;yes;no;yes;no
enak banget buat ngopi dan nge no chill suasana beda karena dekorasi seperti bangunan belum jadi makanan enak dan most importantly   , barista ramah  . ;yes;yes;no;yes;no
cafe two hand penuh yang paling enak adalah menu sarapan  . ;yes;no;no;no;no
kopi juga enak lah  . ;yes;no;no;no;no
tempatnya menarik   , dengan konsep yang sangat pabrik  . ;no;no;no;yes;no
tempatnya oke   , di lokasi strategis   , konsep menarik  . ;no;no;no;yes;no
cara penyajian  / presentasinya juga oke  . ;yes;no;no;no;no
kualitas kopinya bagus dan enak  . ;yes;no;no;no;no
tempat ini cocok untuk dinikmati anak muda  . ;no;no;no;yes;no
walaupun tempat saya lihat ada juga orang paruh baya berkunjung .;no;no;no;yes;
musiknya jangan terlalu keras supaya orang tetap bisa ngobrol dengan nyaman  . ;no;no;no;yes;no
tempat yang nyaman dan santai untuk sarapan  . ;no;no;no;yes;no
menu sarapan bermacamnobermacam saya mencoba big sarapan dan pulled pork  ( iya  . ;yes;no;no;no;no
menu disini banyak yang memakai pork  ) rasanya enak dengan porsi yang besar  . ;yes;no;no;no;no
kopinya juga enak   , mencoba cappucino dan long black  . ;yes;no;no;no;no
oke banget  . ;no;no;no;no;no
waw   , pas disuguhin menu   , cukup mahal  . ;no;no;no;no;no
saat itu jam makan siang   , tempat relatif sepi   , kayaknya ramenya pas malam atau pas malam minggu  . ;no;no;no;yes;no
pelayanan cukup memuaskan meski menunggu cukup lama   , suasana berbau alam   , segar   , sejuk dan romantis jika pergi berdua saja dan menghabiskan malam disini  . ;no;yes;no;yes;no
tempat parkir oke  . ;no;no;no;yes;no
tempat ini sebenarnya cukup baik  . ;no;no;no;yes;no
makanan enak .;yes;no;no;no;no
namun dengan harga yang relatif lebih mahal  . ;no;no;yes;no;no
cari parkir susah  . ;no;no;no;yes;no
saat weekend ada live music yang menurut saya justru mengganggu kenyamanan kita   , karena suaranya yang terlalu kencang sehingga kita tidak bisa mengobrol dan menikmati makanan dengan tenang  . ;no;no;no;yes;no
pemandangan mantap   ,   , lesehan nyaman  . ;no;no;no;yes;no
makanan luar biasa  :  ) pelayanan bagus   ,   , kebersihannya juga baik  . ;yes;yes;no;yes;no
suasana alam segar banget  . ;no;no;no;yes;no
positif  : tempatnya bagus dan nyaman   , makanannonya enak   , complimentary air putih   , ada live musicnegatif  : tamu bisa jadi penyanyi saat live music bila lebih dari 1 lagu   , jadinya tidak menghibur  . ;yes;no;no;yes;no
tempatnya nyaman   , padahal lokasinya ditengah kota di area yang biasanya cukup padat  . ;no;no;no;yes;no
tetapi anda dapat menemukan tempat yang desainnya serasa kembali ke alam;no;no;no;yes;no
makanan tidak ada yang terlalu istimewa dari segi rasa  . ;yes;no;no;no;no
makanan masih bisa diterima;yes;no;no;no;no
pada kunjungan sebelumnya   , saya tidak berkesempatan makan di restoran ini karena penuh  . ;no;no;no;yes;no
t bone steak tidak terlalu enak   , dagingnya agak keras  . ;yes;no;no;no;no
nasi gorengnya enak   , dan saya baru tahu bahwa nasi gorengnya adalah salah satu yang terbaik di bandung  . ;yes;no;no;no;no
anda perlu ketahui bahwa mungkin harganya terlihat mahal  . ;no;no;yes;no;no
namun porsi yang disajikan sangat besar dan cukup untuk sharing .;yes;no;no;no;no
pelayanannya sangat baik  . ;no;yes;no;no;no
restoran ini sangat disarankan   , terutama nasi gorengnya  . ;yes;no;no;yes;no
ini merupakan restoran legedaris di bandung dan terletak di kawasan braga yang cukup terkenal di bandung  . ;no;no;no;yes;no
saya menikmati cheese kue lezat disini ditemani oleh coffelatte hangat sambil menunggu hujan reda  . ;yes;no;no;no;no
meskipun furniturnya terkesan jaman dulu  . ;no;no;no;yes;no
namun restoran ini selalu menarik untuk saya kunjungi karena suasananya yang hangat dan pelayannya yang ramah   , serta tentu saja makanannya yang enak .;yes;yes;no;yes;no
pastikan anda datang ke restoran ini beramainoramai karena porsi makanannya besar  . ;yes;no;no;no;no
harga cukup terjangkau  . ;no;no;yes;no;no
pilihan menunya juga banyak  . ;yes;no;no;no;no
berada persis di depan braga citi walk   , restoran ini ramai di malam hari  . ;no;no;no;yes;no
restoran ini mengangkat tema vintage   , salah satu keunggulan adalah live music yang menurut saya asyik   , serasa di bawa ke bandung tempo dulu  . ;no;no;no;yes;no
pilihan menu sangat variatif  : mulai dari italian   , mexican   , indonesian   , dllkami mencoba order pizza  ( yang sangat enak  )   , lasagna  ( lezat dan mengenyangkan  )   , mie goreng kepiting  ( porsi besar dan enakk  )   , lidah  ( beef tongue no 2 potong dengan rasa sangat nostalgic  )   , dan makanan penutupnya choclava dan choc sufflw sangat sedap  . ;yes;no;no;no;no
braga permai merupakan restoran yang masih menjadi primadona di jalan braga  . ;no;no;no;yes;no
suasana di sana memang juara  . ;no;no;no;yes;no
makan di bawah payungnopayung merah dan besar   , bercahaya temaram dari lampu jalan braga dan semilir angin sejuk bandung di malam hari   , begitu mengesankan  . ;no;no;no;yes;no
live musik ada setiap hari   , anda bisa request lagunolagu kesukaan anda  ( bandnya juga bagusnobagus selalu  )  . ;no;no;no;yes;no
untuk makanannya banyak pilihannya   , menu eropa   , chinese   , dan indonesia  . ;yes;no;no;no;no
terakhir saya ke sana agustus 2015 saya mencoba fillet ikan kakap  ( saya lupa nama menunya  ) piring besar   , isi juga besar  . ;yes;no;no;no;no
pizza juga enak  . ;yes;no;no;no;no
rasa enak   , porsi besar   , suasana juara  . ;yes;no;no;yes;no
tetapi harga murah .;no;no;yes;no;no
jangan lupa coba ice cream yang populer itu  . ;yes;no;no;no;no
kesukaan saya ice cream rum raisin  . ;yes;no;no;no;no
mantab untuk makanan penutup yang dingin . ;yes;no;no;no;no
makanan penutup menghangatkan di tengah sejuknya paris van java  .;yes;no;no;no;no
saya datang untuk pertama kalinya ke restoran ini   , nuasanya nyaman   , ramah   , dan pelayannya berpakaian jaman dulu  . ;no;no;no;yes;no
semuanya enak tetapi datang cukup lama dari jarak memesan sehingga makanan datang  . ;no;no;no;no;no
tempat ini tepat bagi anda yang ingin melihat kesibukan di jalan braga dengan menu yang mengenyangkan  . ;no;no;no;no;no
dan ternyata memang enak apalagi jika anda memilih tempat duduk di luar  . ;no;no;no;no;no
saat itu   , mereka memberikan gratis snack berupa cheese stick dan garlic bread   , yang menurut saya agak keras  . ;yes;no;no;no;no
bitter ballen enak   , lainnya tidak spesial  . ;yes;no;no;no;
harganya sedikit mahal saya bought the suasana  . ;no;no;yes;no;no
pelayanannya cukup cepat  . ;no;yes;no;no;no
tiap hari ramai banyak di kunjungi para tamu  . ;no;no;no;no;no
makan dan minuman umum okok lah  . ;yes;no;no;no;no
dusun bambu memiliki rumah pohon yang menjadi iconic  . ;no;no;no;yes;no
makanan yang disajikan cukup beragam   , jangan lupa nikmati kue balok original disini karena rasanya sangat enak  . ;yes;no;no;no;no
kalau makan di restonya burangrang   , makanan bervariasi   , western   , asian   , indonesia dengan tampilan menarik namun harga yang lebih mahal daripada di foodcourtnya  . ;yes;no;yes;no;no
konsepnya sangat unik dengan lahan terbuka private area sekitar 100mno100m dan tenda eiger sekitar 15mno15m  ( didalam tenda ada telepon untuk room pelayanan 24 jam  )  . ;no;no;no;yes;no
malam ada gratis jagung bakar  ( langsung dibakar di private area kita oleh buttler  ) dan gratis snack dan gratis buah segar  . ;yes;no;no;no;no
diluar makan buffet saya juga memesan nasi goreng dusun bambu yang khas digoreng dengan ebi  . ;yes;no;no;no;no
secara keseluruhan untuk rasa cukup baik  . ;yes;no;no;no;no
suasana sekitar dusun bambu diwaktu malam juga sangat eksotis dan romantis  . ;no;no;no;yes;no
cocok buat pengantin baru ini  . ;no;no;no;no;no
pemandangan super sekali  . ;no;no;no;yes;no
 ) cuaca sangat dingin sekali  . ;no;no;no;yes;no
sarapan kembali di caf burangrang cukup baik  . ;yes;no;no;no;no
hidangan khas sunda menjadi yang utama di buffet  . ;no;no;no;no;no
pencuci mulut redaksi velvet kue cukup enak  . ;yes;no;no;no;no
pemandangan pagi juga luar biasa indah  . ;no;no;no;yes;no
untuk outdoor activity sangat banyak pilihan  . ;no;no;no;yes;no
dari naik perahu sampai hanya sekedar berjalannojalan di sekitar area yang sangat asri dan indah  . ;no;no;no;yes;no
secara keseluruhan pelayanan cukup baik  . ;no;yes;no;no;no
pemandangan sangat duper mantap  . ;no;no;no;yes;no
buat yang hobi fotografi sepertinya sangat cocok  . ;no;no;no;no;no
udara bersih dan sejuk  . ;no;no;no;yes;no
dingin gila diwaktu subuh terutama  . ;no;no;no;no;no
 :  ) makanan terutama hidangan sunda cukup enak  . ;yes;no;no;no;no
harga pantas  . ;no;no;yes;no;no
tempatnya nyaman tenang dan enak  . ;no;no;no;yes;no
suasana adem   , asri bikin betah berlamanolama disana  . ;no;no;no;yes;no
anginnya enak banget buat bersantai sampai seusai makan duduk di sofa restaurantnya saya terlelap tidup beberapa menit sambil memandang danau kecil yang indah  . ;no;no;no;yes;no
tidak terlalu jauh dari lembang terletak di jalan kolonel masturi dilalui oleh kendaraan umum   , suasana khas pegunungan sangat sejuk   , tersedia berbagai menu makanan dan tokono toko   , juga bisa menikmati pemandangan persawahan  . ;no;no;no;yes;no
tempat cocok untuk bersantai  .;no;no;no;yes;no
tempat pada saat weekend pengunjung sangat padat  . ;no;no;no;yes;no
tempat parkir selalu penuh dan sangat berdebu pada saat kemarau  . ;no;no;no;yes;no
makanan yang di jual kurang enak dan mahal  . ;yes;no;no;no;no
makanannya lumayan enaknoenak diudara dingin dan banyak variasinya dari mulai restoran burangrang   , saung purbasari dan area foodcourtnya  . ;yes;no;no;no;no
saya dan keluarga sangat senang bisa berkunjung ke dusun bambu  . ;no;no;no;no;no
pemandangannya sangat bagus dengan pemandangan alam yaitu taman   , sungai buatan   , dan bukitnobukit  . ;no;no;no;yes;no
tempatnya sangat luas   , ada playground untuk anaknoanak dan area makannya juga banyak  . ;no;no;no;yes;no
meskipun harganoharga makannanya agak mahal  .;no;no;yes;no;no
harganoharga makanannya sebandinglah dengan pemandangan yang diberikan  . ;no;no;yes;no;no
ada jembatan panjang   , ada danau buatan   , sungai buatan dengan air yang mengalir   , taman bunga yang rapi  . ;no;no;no;yes;no
sangat unik dan bagus  . ;no;no;no;no;no
tempat main sekalian tempat makan banyak pilihan   , harus beli voucer dulu   , harga makanannya mahal bingit   , danau buatannya bagus dan suasana romantis  . ;no;no;yes;yes;no
pilihan warna putih dan furniture dari kayu memberikan kesan ruang yabg lapang dari keadaan sesungguhnya suguhan yang dikemas ala eropa memang tidak memberikan pilihan menu lain  . ;no;no;no;no;no
makanan dan hidangan minuman dikemas enak dipandang sebelum lezat dicicipi  . ;yes;no;no;no;no
tempatnya cukup nyaman   ,   , makanannya enak   , harganya wajar   ,   , tempatnya sering penuh   , maka siapkan waktu untuk daftar tunggu  . ;yes;no;yes;yes;no
kesan pertama  : parkir mobilnya sempit  .;no;no;no;yes;no
parkir mobilnya tidak mengapa   , bisa parkir di sisi jalan progo  . ;no;no;no;yes;no
interior mejanomeja kayunya berkesan natural   , ada lokasi makan di luar juga  . ;no;no;no;yes;no
makanan oke   , setimpal sesuai harga   , cocok untuk kumpul bareng teman atau belajar jelang ujian  . ;yes;no;yes;no;no
makanannya enaknoenak .;yes;no;no;no;no
meski harga lumayan mahal  . ;no;no;yes;no;no
tempatnya bersih   , interiornya keren  . ;no;no;no;yes;no
cocok buat kumpul bareng temannoteman sama temannoteman  . ;no;no;no;no;no
pelayannya ramah dan makanan datangnya cukup cepat  . ;yes;yes;no;no;no
minumannya enaknoenak  . ;yes;no;no;no;no
disarankan banget  . ;no;no;no;no;no
makan pagi disini banyak pilihannya  . ;yes;no;no;no;no
sandwich no enaknoenak  . ;yes;no;no;no;no
pilihan minumannya juga banyak  . ;yes;no;no;no;no
harga tidak terlalu murah dan parkir selalu penuh  . ;no;no;yes;yes;no
tempat ini sangat nyaman sekali  . ;no;no;no;yes;no
dan pelayan ramah memberikan saya tetap bisa mengorder  . ;no;yes;no;no;no
belum lagi makanan yang menurut saya cukup enak  . ;yes;no;no;no;no
 (  +  ) tempatnya nyaman   , makanan enak   , suasana menyenangkan untuk ngobrol   , disekitarnya banyak tempat makan dan kumpulnokumpul juga  ( no  ) parkir mobil susah   , makanan relatif agak mahal  . ;yes;no;no;yes;no
harga dan rasa tidak sesuai   , restoran ini lebih cocok untuk kumpulnokumpul bersama kawan   , sangat tidak cocok bagi penikmat kuliner  . ;yes;no;yes;no;no
lokasi strategis   , tidak terlalu bising karena bukan di jalan utama  . ;no;no;no;yes;no
interior restoran cukup menarik  . ;no;no;no;yes;no
pelayannya cukup baik  . ;no;yes;no;no;no
namun kalau weekend lumayan penuh jadi penyajian butuh waktu dan untuk rasa cukup baik  . ;yes;no;no;no;no
ini restoran sudah tempat wajib saya kalau ke bandung kalau ingin makan enak nan cantik  . ;yes;no;no;no;no
interiornya lucu   , seru buat kumpulnokumpul   , makan minum enak harga pantas  . ;yes;no;yes;yes;no
walau untuk ukuran bandung mungkin terbilang agak mahal  . ;no;no;no;no;no
cobain wild mushroom soup   , jamur dan cream soup enak banget  . ;yes;no;no;no;no
fave saya tentu saja alexandra crepes lengkap ada daging   , telur   , tumis jamurnya yang gurih  . ;yes;no;no;no;no
rasanya top  . ;yes;no;no;no;no
kalau soal minum   , variasi kopi enak   , dari tiramisu kopi blend   , nutty frappe sampai variasi tehnya tidak mengecewakan  . ;yes;no;no;no;no
menurut saya   , kualitas makanan di sini biasa saja   , over price bahkan  . ;yes;no;no;no;no
sebuah tempat makan yang luar biasa indahnya  . ;no;no;no;yes;no
tetapi menunya sangat biasa saja dan harganya lumayan mahal  . ;yes;no;yes;no;no
konsep tempat makan ini benar benar bagus  . ;no;no;no;yes;no
pas buat yang suka foto foto  . ;no;no;no;yes;no
makanannya standar masakan sunda kebanyakn  . ;yes;no;no;no;no
tetapi ayamnya enak  . ;yes;no;no;no;no
tempatnya asyik  . ;no;no;no;yes;no
tempat makan oke banget  . ;no;no;no;yes;no
hanya antrinya lama  . ;no;yes;no;no;no
harga makanan lumayan mahal  . ;no;no;yes;no;no
udaranya dingin ditemani oleh kabut dan hujan rintiknorintik  . ;no;no;no;yes;no
~ jarak tidak terlalu jauh~ makanannya enak dan penyajiannya cepat  ( penting banget kalau yang sudah laper di jalan  ) ~ luas banget tempatnya   , untuk sampai ke gubuk agak menanjak jadi lumayan kehabisan nafas  .;yes;yes;no;yes;no
tetapi cuaca dingin   , suara musik angklung   , suara air mengalir bikin capeknya hilang~  . ;no;no;no;yes;no
walaupun cuaca outdoor .;no;no;no;yes;no
tetapi very well organized dan bersih~ yang paling penting harganya tidak semahal yang saya kira  .;no;no;yes;no;no
jauh lebih mahal bandar jakarta  . ;no;no;no;no;no
kampung daun memiliki pemandangan yang bagus dan unik  . ;no;no;no;yes;no
untuk pelayanan saya rasa kurang karena makanan baru keluar sekitar 30 menit  . ;no;yes;no;no;no
untuk rasa makanan sangat standar dengan harga relatif mahal  . ;yes;no;yes;no;no
sangat tidak dianjurkan bagi yang waktunya terbatas dan kelaparan   , sebab anda bisa marahnomarah selain harus daftar tunggu   , tunggu pelayan mendatangi saung anda  ( yang lluamma banget sebab jaraknya jauhnojauh  )  . ;no;no;no;no;no
di kampung daun   , selain makanannya yang enak kita juga dapat menikmati keindahan alam dan kampung sunda  . ;yes;no;no;yes;no
luangkan waktu yang cukup untuk bersantai di balenobale sambil menikmati hidangan khas sunda yang nikmat  . ;yes;no;no;no;no
makan di saungnosaung di bawah pepohonan yang rindang dengan suasana sejuk   , rasa makanan lumayan enak   , kualitas dan pelayanan cukup baik  . ;yes;yes;no;yes;no
disarankan  . ;no;no;no;no;no
kampung daun   , lokasinya tidak berjauhan dengan the peak   , cm konsepnya sangat berbeda   , kampung daun menyediakan pondoknopondok bagi tamu  / pengunjung yang akan menikmati sajian di lingkungan yang sangat asri di sepanjang area kepemilikan restoran kampung daun   , disini menyediakan makanan  / masakan jenis sundanis  ! ;no;no;no;yes;no
porsi makanan disini sangat sekali   , banyak dan enak  . ;yes;no;no;no;no
untuk porsi sebanyak itu   , harga cukup terjangkau  . ;yes;no;yes;no;no
makanannya banyak daging   , wajib coba steaknya  :  )  . ;yes;no;no;no;no
pertama datang   , daftar tunggu   , dan agak ribet sistemnya   , dan pelayannya agak judes   , mungkin karena ramai banget  . ;no;yes;no;no;no
tempatnya sempit banget   , sbnrnya interiornya menarik .;no;no;no;yes;no
interiornya karena merek mgkin mau muat banyak   , jadi sempit kaya warung tegal  . ;no;no;no;yes;
mood agak bosan di awal  . ;no;no;no;yes;no
mereka suguhin makanan western   , which is makanannya sih enak  . ;yes;no;no;no;no
tetapi cuma di enak tidak pakai banget  . ;no;no;no;no;no
yang ane suka itu porsinya banyak dan murah  . ;yes;no;no;no;no
termasuk murah dibanding harga di jakarta yah  . ;no;no;no;no;no
disini ada burger dan pizza sangat besar juga  . ;yes;no;no;no;no
porsinya banyak banget  . ;yes;no;no;no;no
additional dish beef cordon bleu   , ane curious saja pgn tahu   , karena biasanya chicken  .;yes;no;no;no;no
beef cordon bleu tidak enak ternyata  . ;yes;no;no;no;no
drinks mojito enak  . ;yes;no;no;no;no
steaknya ukuran besar   , rasanya lumayan enak sih   , dan harganya terjangkau banget men  ! ;yes;no;yes;no;no
untuk saus steaknya paling suka sama yang lada hitam   , terus kentangnya mashpotato .;yes;no;no;no;no
mashpotato sering keabisan sedih  . ;yes;no;no;no;no
ribs juga disarankan  ! ;yes;no;no;no;no
suka kesini kalau ke bandung karena tempatnya juga enak buat kumpulnokumpul sama temennotemen  . ;no;no;no;yes;no
lucunya diresto ini menu makanannya ukuran big size  . ;yes;no;no;no;no
pizza jumbo steak jumbo burger jumbo hotdog jumbo  . ;yes;no;no;no;no
tampilan mengagetkan lucu juga untuk hiburan untuk tastenya steaknya enak .;yes;no;no;no;no
tetapi kalau pizza kurang enak  . ;yes;no;no;no;no
desain restoran ini menarik sesuai dengan namanya   , pilihan menunya cukup banyak  . ;yes;no;no;yes;no
waktu itu kami coba macamnomacam   , sirloin   , sosis   , tenderloin   , dan lainnolain   , secara keseluruhan rasanya lumayan enak .;yes;no;no;no;no
rasanya tidak ada yang spesial  . ;yes;no;no;no;no
selain itu   , tempat ini juga jadi salah satu kuliner utama para turis paruh baya bahkan keluarga dengan banyak anggota  . ;no;no;no;yes;no
tempat ini terkenal dengan menu makanan yang porsinya besar namun harganya terjangkau  . ;yes;no;yes;no;no
menu kesukaan saya untuk rombongan adalah monster steak dan monster sosis dengan harga rp 200  . 000   , 00 no rp 300  . 000   , 00 dengan minuman yang bisa beramai pula seperti jungle punch dan gorilla punch dengan kisaran harga rp 35  . 000   , 00 no rp 40  . 000   , 00.tempat ini juga mudah dijangkau dengan angkot dari daerah dago maupun jalan merdeka  . ;yes;no;no;no;no
walau begitu   , disarankan untuk tidak membawa kendaraan pribadi jika tidak beramainoramai karena parkir di tempat ini cukup terbatas  . ;no;no;no;yes;no
rasanya enak   , variasi steaknya juga banyak  . ;yes;no;no;no;no
banyak wisatawan lokal maupun dari luar kota makan disana baik siang maupun sore atau malam sehingga penuh dan sering daftar tunggu  . ;no;no;no;no;no
suasana juga bagus dan enak makanannya serta pelayanan yang cepat  . ;yes;yes;no;yes;no
selain menawarkan menu steak seperti kebanyakan   , karnivor juga menawarkan menu dengan ukuran jumbo   , seperti giant sausage  ( sausage dengan panjang hampir 1 m  ) tower steak  ( steak besar hampir 1 kg  ) atau monster pizza  ( pizzanya gede banget dan tidak bulat tetapi square  )  . ;no;no;no;no;no
jadi pesan 1 bisa buat banyakan   , sudah beberapa kali saya ke karnivor   , terakhir saya coba menu t no bone steak   , sebenernya agak kecewa karena dagingnya yang dingin dan seperti sudah di stock  ( jadi tidak segar grilled  )  . ;yes;no;no;no;no
tetapi over all selama sampai saat ini karnivor cukup memuaskan  . ;no;no;no;yes;no
apalagi harganya yang tidak terlalu mahal  . ;no;no;yes;no;no
restoran ini salah satu kesukaan saya tiap berkunjung ke bandung  . ;no;no;no;yes;no
steaknya beragam   , kentang juga disajikan dalam berbagai pilihan  . ;yes;no;no;no;no
kesukaan saya mixed grill steak   , bisa ngerasain smuanya  . ;yes;no;no;no;no
sosisnya enak   , padahal saya bukan penggemar sosis  . ;yes;no;no;no;no
potato chipsnya enak  . ;yes;no;no;no;no
potato wedgesnya juga oke  . ;yes;no;no;no;no
porsinya pas untuk satu orang dewasa  . ;yes;no;no;no;no
sayang tidak disajikan di hot pelate   , jadi cepat dingin  . ;no;no;no;no;no
pelayanan cepat dan ramah  . ;no;yes;no;no;no
kali ini saya sekeluarga beserta teman dan temannotemannya mengunjungi karnivorseru   , ramai  . ;no;no;no;no;no
pizzanya tipis   , crunchy dengan potongan daging  . ;yes;no;no;no;no
enak ribs  . ;yes;no;no;no;no
sangat berlemak  . ;no;no;no;no;no
suasana rumah banget asli  ! ;no;no;no;yes;no
tempatnya enak banget kalau buat santai bareng keluarga   , kumpulnokumpul sama teman ngemilnongemil ganteng cantik disarankan  ! ;no;no;no;yes;no
makanan enak enak mengapa .;yes;no;no;no;no
tetapi sayang ini pelayanannya lama .;no;yes;no;no;no
pelayannya sambil menunggu makanan datang biar tidak bosen fotonofoto  ! ;no;yes;no;no;no
bagus pemandangan banget  . ;no;no;no;yes;no
wow  . ;no;no;no;no;no
baguss  !  !  ! tempatnyaa romantis  . ;no;no;no;yes;no
viewnyaa pemandangan kota bandung untuk harga makanan trmasuk standar  . ;no;no;yes;no;no
tidak begitu mahal dan tidak terlalu murah juga untuk cita rasaa  . ;no;no;no;no;no
lumayan enak kalau saya ke bandung lagi  . ;no;no;no;no;no
ketika kami disuguhi menunya   , ternyata harganya membuat kami terpukau   , mahal  ( bagi saya lho  )  . ;no;no;yes;no;no
tetapi memang suasana di sini membuat restoran ini beda  . ;no;no;no;yes;no
untuk makanan   , spaghetinya enak  . ;yes;no;no;no;no
maja house menyediakan pemandangan makanan yang cukup bervariasi  . ;yes;no;no;yes;no
minuman juga cukup lengkap   , dari yang dingin smp minuman hangat  . ;yes;no;no;no;no
lokasinya yang cukup tinggi memberikan pemandangan yang tidak terlupakan  . ;no;no;no;yes;no
karena letaknya yang tinggi   , pemandangan restoran ini juara sekali  . ;no;no;no;yes;no
desain restorannya juga bagus dan sangat anak muda  . ;no;no;no;yes;no
untuk mengobrol lama bersama teman di restoran ini sangat enak  . ;no;no;no;yes;no
menu yang tersedia pilihannya lengkap dari indonesia sampai western  . ;yes;no;no;no;no
namun dari segi rasa biasa saja  . ;yes;no;no;no;no
pelayanannya juga agak lama dan kurang responsif  . ;no;yes;no;no;no
maja house cukup asyik  meskipun makanan dan minuman mahal .;yes;no;no;no;no
namun suasana cafe sungguh menarik  .  ;no;no;no;yes;no
di maja house   , hatinohati ketika malam sangat dingin karena angin berhembus cukup kencang  . ;no;no;no;yes;no
datang menunggu sunset adalah pilihan yang tepat untuk maja house   , selain itu tersedia hotel di sampingnya   , konsepnya yang unik dengan makan di atas tempat tidur sangat unik  . ;no;no;no;yes;no
tempatnya mudah dijangkau  . ;no;no;no;yes;no
dekorasinya cukup simpel dan hommy sehingga sangat nyaman untuk berkumpul bersama temannoteman  . ;no;no;no;yes;no
restoran ini sangat menonjolkan pemandangan yang bagus  . ;no;no;no;yes;no
untuk makanannya sendiri biasa saja .;yes;no;no;no;no
makanan tetap enak  . ;yes;no;no;no;no
tempatnya asyik  . ;no;no;no;yes;no
duduknoduduk manis sambil minum wine melihat pemandangan gunung di udara dingin bandung dengan musik dari dj  . ;no;no;no;yes;no
makanannya enaknoenak  . ;yes;no;no;no;no
kalau weekend ramai bingitz dan semakin larut semakin penuh  . ;no;no;no;no;no
saya ke sana makan malam bersama keluarga anak 5 dan 11 tahun   , pelayanan disana cepat   , dan pemandangan yang bagus  . ;no;yes;no;yes;no
saya pesan pasta lazange dan macroni rasa menurut saya biasa karena 2 menu tersebut kesukaan keluarga harga rata ratalah   , suasana temaram sekali dan banyak pasangan muda mudi terutama di out door mengunakan matras kurang enak kalau membawa anak kecil  . ;yes;no;yes;yes;no
tempat yang menyenangkan   , homie   , tenang   , sejuk dan menyajikan makanan yang enak  . ;yes;no;no;yes;no
cocok untuk makannomakan dengan keluarga   , layak untuk dicoba  . ;no;no;no;no;no
lokasi ini cukup unik   , saya dan keluarga memilih untuk makan di rumah kaca miss bee providore  . ;no;no;no;yes;no
pelayanan sangat baik  . ;no;yes;no;no;no
yang kurang dari tempat ini hanyalah rasa   , menurut saya rasa makanan ditempat ini kurang kuat seperti black pepper dan salt dan rempah  . ;yes;no;no;no;no
tempat makan yang nyaman   , dengan playground indoor outdoor   , makanannya harganya standar cafe .;no;no;yes;yes;no
tetapi dengan kualitas dan rasa yang memuaskan  ^  ^  . ;yes;no;no;no;no
lokasi cafe ini di daerah bandung utara jadi hawa cukup menyegarkan  . ;no;no;no;yes;no
yang unik dari cafe ini desain tempat makan yang asalnya rumah tinggal dirubah jadi cafe jadi terasa nyaman seperti dirumah  . ;no;no;no;yes;no
makanan cukup enaknoenak banyak variasinya   , apalagi makanan penutup cukup untuk menggugah selera ingin makan terus  . ;yes;no;no;no;no
berkunjung pada hari senin siang   , sangat sepi dan bersyukur karena belakangan kami tahu bahwa tempat makan ini selalu ramai  ( mungkin pada malam hari  )  . ;no;no;no;yes;no
waktu penyajian cepat  ( mungkin karena sepi  ) dan kualitas makanan kami rasa baik   , unsur keju di kedua makanan terasa sekali di mulut ditambah lingkungan tempat makan yang  ( sepertinya  ) memiliki beberapa tema menambah suasana santai  . ;yes;yes;no;yes;no
rasa dari makanan lumayan .;yes;no;no;no;no
rasa tidak istimewa   , fasilitas bermain untuk anak merupakan kelebihan paling menonjol dari restoran ini   , sedangkan untuk harga terjangkau  . ;yes;no;yes;yes;no
sering penuh  . ;no;no;no;no;no
harga agak mahal dan rasa lumayan lah  . ;yes;no;yes;no;no
miss bee providore telah menjadi tempat makan kesukaan keluarga saya   , dan anaknoanak saya sangat menikmati fasilitas bermain anak di tempat ini  . ;no;no;no;yes;no
makanan yang dihidangkan juga nikmat dan suasana sangat mendukung untuk berkumpul bersama dengan keluarga dan siapa saja  . ;yes;no;no;yes;no
letak restoran miss bee ini memang agak jauh dari pusat kota di bandung   .;no;no;no;yes;no
tetapi tidak mengurangi alasan untuk ke tempat ini   , karena restoran ini benarnobenar bagus untuk dikunjungi   , apalagi bisa mengajak keluarga untuk ke tempat ini   , di mana restoran ini menyediakan area playground untuk anaknoanak dan juga menurut saya didesain cukup bagus dan menarik  . ;no;no;no;yes;no
untuk makanan cukup banyak ragamnya   , mulai dari masakan western   , jepang sehingga indonesia   , dan ratanorata rasanya enak semua   , termasuk minuman dan makanan penutup yang cukup menarik  . ;yes;no;no;no;no
untuk harga memang cukup mahal   .;no;no;yes;no;no
harga tidak mahal sekali  . ;no;no;yes;no;no
pelayanan juga bagus dan cepat  . ;no;yes;no;no;no
secara keseluruhan bagus disarankan restoran with bagus playground   , dekorasi makanan  . ;no;no;no;yes;no
great place to chillax bagus makanan  . ;yes;no;no;yes;no
udaranya segar dan pelayannya ramahnoramah  . ;no;yes;no;yes;no
disarankan  ! ;no;no;no;no;no
tips  : datang sebelum jam makan karena tempatnya penuh terus atau kalau bisa booking dulu  . ;no;no;no;yes;no
restoran yang cukup besar dan nyaman   , memiliki dua 2 lantai  . ;no;no;no;yes;no
tempat makan bervariasi ada saung   , kursi dan lesehan trdapat banyak kolam ikan  . ;no;no;no;yes;no
makanan yang di sajikan sangat beragam   , dan khas sunda makanannya tidak manisnomanis  . ;yes;no;no;no;no
dan pelayanannya sangat ramah  . ;no;yes;no;no;no
restorannya sangat bersih dan apik   , kita makan diiringi alunan angklung digital  . ;no;no;no;yes;no
makanannya enaknoenak dan harganya sesuai dengan fasilitas yang disediakan  . ;yes;no;yes;no;no
suasananya cukup tenang  . ;no;no;no;yes;no
makanan yang kami pesan adalah menu set yang cukup variatif dan rasanya enak  . ;yes;no;no;no;no
selain itu   , harganya cukup sesuai dengan porsi makanan yang diberikan  . ;yes;no;yes;no;no
pelayanan cukup cepat dan bagus  . ;no;yes;no;no;no
secara keseluruhan saya merekomendasikan restoran ini  . ;no;no;no;yes;no
makanannya enak dan suasana yang enak pula   , kami duduk berlesehan yang terletak di lantai 2  . ;yes;no;no;yes;no
tempat ini disarankan sekali  . ;no;no;no;yes;no
duduk di saung dekat kolam ikan sangat menyenangkan   , apalagi kalau anda bepergian dengan anaknoanak  . ;no;no;no;yes;no
tempatnya bagus   , 2 lantai dengan pilihan meja atau lesehan  . ;no;no;no;yes;no
diiringi musik sunda   , makan udang bakar   , pete goreng dan bandrek panas benar benar mantap  . ;yes;no;no;no;no
ngacau  . ;no;no;no;no;no
tempatnya memang agak nyempil .;no;no;no;yes;no
tempatnya semua jadi mudah jika anda pengguna smartphone  . ;no;no;no;yes;no
didalamnya banyak diberikan hiasannohiasan berseni yang menurut saya nyaman untuk dilihat  . ;no;no;no;yes;no
rp  . 45000 porsi besar  . ;yes;no;no;no;no
tempatnya dan peralatan makannya dibuat sedemikian rupa sehingga membuat kesan segar dari the oven  . ;no;no;no;yes;no
terlihat bahwa mereka menyiapkan makanan dengan baik  . ;yes;no;no;no;no
buktinya tahu dan balanobala masih panas ketika dihidangkan  . ;yes;no;no;no;no
cocoklah buat makan siang  . ;yes;no;no;no;no
walau tempatnya gedongan .;no;no;no;yes;no
tetapi harga bersahabat mengapa  . ;no;no;yes;no;no
sesampainya disana   , saya sangat terkesan dengan atmosfer dari restoran ini  . ;no;no;no;yes;no
arsitektur bangunan   , ornamennoornamen   , dan hiasannohiasan dalam dekorasinya   , membangun suatu perasaan yang sangat nyaman dan damai  . ;no;no;no;yes;no
ikan laut bakarnya  ( baronang  + kerapu  ) sangat gurih dan enak   , dan sangat segar  . ;yes;no;no;no;no
kesegaran ini lah kunci utama dari rasa sebuah masakan seafood  . ;yes;no;no;no;no
bumbunya juga sangat menyerap  . ;yes;no;no;no;no
kenikmatan tersebut ditemani dengan nikmatnya cah kangkung yang kami pesan   , yang ternyata disajikan dalam hot pelate   , sehingga memberikan sensasi yang berbeda  . ;yes;no;no;no;no
  , luar biasa pokoknya rasanya  . ;yes;no;no;no;no
kepitingnya jumbo banget   , bumbunya juga sangat meresap   , serta telurnya   , juga berlimpah  . ;yes;no;no;no;no
pokoknya benernobener the best crab ever  !  ! akhir kata   , raja rasa ini memang benarnobenar rajanya masakan seafood  . ;yes;no;no;no;no
enak   , gurih   , segar   , nikmat   , dan mantab  !  ! ;no;no;no;no;no
gurame bakar jimbaran rasanya enak banget  . ;yes;no;no;no;no
apalagi ditambah tumis kangkungnya   , wow nikmat banget  . ;yes;no;no;no;no
pokoke enak dan top markotop raja rasa bandung  :  )  . ;yes;no;no;no;no
tumis kangkung   , sup kepiting   , kepiting lada hitam dan gado enak banget dan harganya cukup terjangkau  :  )  . ;yes;no;yes;no;no
suasana restoran   , parade sushi yang sangat menggiurkan menjadi daya tarik tersendiri selain rasa sushi yang enak  . ;yes;no;no;yes;no
sushinya enak  :  ) nasi currynya juga enak  :  ) ramennya juga enak  . ;yes;no;no;no;no
kalau mau duduknya di bagian bar lebih baik hari sabtu atau minggu karena banyak banget makanannya di meja bar tinggal ambilnoambil;yes;no;no;no;no
enak banget  . ;no;no;no;no;no
dan kami suka layanan o no cha yang gratis dan refillable  . ;no;yes;no;no;no
menu ala carte juga sangat banyak pilihan  . ;yes;no;no;no;no
kesukaan keluarga kami adalah salmon mentaiyaki  : grilled salmon dengan topping saus mentai yang gurih dan creamy  . ;yes;no;no;no;no
suasana restoran yang sejuk dan temaram juga membuat restoran ini menjadi sangat enjoyable  . ;no;no;no;yes;no
tempatnya nyaman dan bersih   , pelayan well training ramah dan sigap   , kualitasnya oke   , pokonya best sudah  ! ;yes;yes;no;yes;no
saya mencoba udon sushi tei   , dan ternyata porsinya luar biasa jumbo  . ;yes;no;no;no;no
tetapi rasanya enak dan patut dicoba  . ;yes;no;no;no;no
sushi cukup oke dan menunya cukup bervariatif  . ;yes;no;no;no;no
menu sushi kesukaan crunchy lobster roll sama inari sushi  . ;yes;no;no;no;no
pokoknya untuk yang lagi ingin makan sushi cukup reccomended lah makan di sini  . ;yes;no;no;no;no
restoran jepang kesukaan saya dan temannoteman saya di bandung  . ;no;no;no;yes;no
restoran jepang ini mempunyai banyak menu hidangan   , hampir semua saya suka   .;yes;no;no;no;no
tetapi yang paling saya kesukaan adalah salmon crispy roll   , rasanya enak banget  . ;yes;no;no;no;no
kalau datang pada saat weekend ke restoran ini   , sebaiknya datang sebelum jam makan malam lebih awal   , karena sering penuh dan harus daftar tunggu  . ;no;no;no;no;no
pmandangan nyake kota bandung indah sekali   , apa lagi di malam hari   , dengan warna lampu yang kedap kedip  . ;no;no;no;yes;no
makanan dan minuman sih okok  . ;yes;no;no;no;no
tidak ada yang istimewa  . ;no;no;no;no;no
pertama kali mendengar restoran the peak terasa seperti restoran yang mewah enak elegan dan sebagainya  . ;no;no;no;yes;no
jalan akses yang sangat jauh juga jalan masuk yang rawan pada malam hari  . ;no;no;no;yes;no
saya bersama keluarga ingin mencoba steik karena seperti biasa restoran seperti ini seharusnya enak di bidang masakan ini namun sesuai hasil steik yang saya minta welldone datang dengan bentuk daging yang sangat keras dan masih tetap ada berapa bagian yang masih mentah   , juga halnya dengan chicken steik yang saya pesan masih bau amis  . ;yes;no;no;no;no
sebenernya kami ke the peak ini cuma karena penasaran karena pemandangannya bagus  . ;no;no;no;yes;no
menurut kami biasa saja seperti restoran atau cafe di tempat lainnya .;no;no;no;yes;no
tetapi katanya mereka punya pemandangan yang oke  . ;no;no;no;yes;no
dengan kualitas makanan yang biasa saja dan agak over price  ( menurut kami  )   , kami tidak menyarankan bagi yang lapar berat makan dsini  . ;yes;no;no;no;no
makanan yang disajikan enak dengan harga sesuai dan pelayanannya juga ramah  . ;yes;yes;yes;no;no
sajian sekoteng pas sekali paduan kayu manis dan jahe  . ;yes;no;no;no;no
lokasi agak jauh dari kota bandung dan sekarang ada 2 gerbang pembayaran untuk bisa ke the peak dengan total 5000 rupiah  . ;no;no;no;yes;no
makanan cukup enak .;yes;no;no;no;no
walaupun harga mahal  ( 88000 untuk pasta dan makanan standar lainnya   , 150 no 300000 untuk steak  )  . ;no;no;yes;no;no
pemandangan cukup bagus   .;no;no;no;yes;no
pemandangan bila di indoor   , pemandangan akan terhalang kaca  . ;no;no;no;yes;no
pelayanan sangat baik  . ;no;yes;no;no;no
tempat ini benar benar sangat bagus buat pasangan yang ingin makan malam atau fine dinning  . ;no;no;no;yes;no
makanan disini biasa saja   .;yes;no;no;no;no
namun yang menjadi paling kesukaan merupakan suasana dan pemandangannya yang cukup bagus  . ;no;no;no;yes;no
pergi ke sini pas sudah malam berangkat sekitar jam an   , agak serem juga jalannya karena sepi dan gelap  . ;no;no;no;yes;no
karena maren perginya hari minggu   , open till 1 no 1 private message saja   , dan msuk sepi restonya  . ;no;no;no;yes;no
untuk suasana romantis sih   , enak   .;no;no;no;yes;no
suasana lebih ke fine dining sepertinya  . ;no;no;no;yes;no
kemudian saya memesan nasi goreng the peak  ( kalau tidak salah  )   , standar bangett untuk rasanya  . ;yes;no;no;no;no
selain pemandangan yang menakjubkan dan makanan yang enak   , the peak mempunyai suasana yang romantis  . ;yes;no;no;yes;no
konsep fine romantis dining dengan gazebo dan sofa sangat menyenangkan   , cita rasa makannya agak unik  ( saya pesan steak ala restoran  ) dan minumannya sangat menyegarkan  . ;yes;no;no;yes;no
kami berkunjung saat malam hari dan sebaiknya membawa pakaian hangat karena sangat dingin .;no;no;no;no;no
ratanorata restoran di dago menang pemandangan tapi ini pizza dan makanannya enaknoenak kalau pas dapat pemandangan banget oke juga .;yes;no;no;yes;no
tetapi kalau di bawah paling live music aja kalau wiken pasti antri banget  . ;no;yes;no;no;no
berbuka puasa di restoran ini pada minggu lepas   , tempat di atas bukit   , sangat sejuk pada waktu malam  . ;no;no;no;yes;no
tempat makan yang sangat romantik dan cantik  . ;no;no;no;yes;no
authentic indonesian style makanan  . ;yes;no;no;no;no
tempat yang sesuai untuk makan sambil menikmati pemandangan yang cantik  . ;no;no;no;yes;no
rasa makanan biasa saja dan pemandangan ratanorata  . ;yes;no;no;yes;no
live musiknya oke  . ;no;no;no;yes;no
lokasi di dago atas sebelum pintu masuk ke resort dago pakar   , ini tempat kesukaan yang sering kami datangi   , sejak cafe ini dibuka beberapa tahun lalu  . ;no;no;no;yes;no
udara dingin   , pemandangan indah apalagi kalau malam hari kita bisa melihat kota bandung dengan titiknotitik lampu   , suasananya romantis  . ;no;no;no;yes;no
makanannya lumayan enak .;yes;no;no;no;no
makanannya sekarang kalau mau datang harus reservasi terlebih dahulu   , karena selalu penuh apalagi kalau hari libur  . ;yes;no;no;no;no
restoran ini letaknya tinggi di atas bukit dago   , tersedia saung diluar restoran yang romantis dengan pemandangan kota bandung dan kerlap kerlip lampu kota  . ;no;no;no;yes;no
menu makanan bervariasi ada indonesia dan western  .;yes;no;no;no;no
tetapi rasanya standar  . ;yes;no;no;no;no
harganya juga overated karena terlalu mahal  . ;no;no;yes;no;no
suasana di cafe ini santai dan cuaca dingin kota bandung menjadi salah satu daya tariknya  . ;no;no;no;yes;no
the stone cafe ini memiliki pemandangan indah dan makanan yang enak  . ;yes;no;no;yes;no
tempat bagus dan ditata dengan bentuknobentuk saung yang nyaman   , di mana kita sembari makan merasakan suasana yang santai   , dan juga bisa menikmati nuansa bandung dari atas dengan kerlap kerlip lampunya  . ;no;no;no;yes;no
cocok untuk makan berdua dengan pasangan atau bersama keluarga  . ;yes;no;no;no;no
makanannya juga cukup enak dan banyak pilihannya   , dari mulai steak   , nasi timbel atau nasi goreng  . ;yes;no;no;no;no
suasana nyaman di daerah dago atas yang berhawa sejuk  . ;no;no;no;yes;no
pelayanan ramah  . ;no;yes;no;no;no
harga termasuk mahal   , saat itu memesan nasi raos dengan harga sekitar rpjs  . 000  . ;no;no;yes;no;no
untuk rasa cukup enak terutama ayam kampungnya mereka sangat pintar mengolahnya sehingga empuk dan enak  . ;yes;no;no;no;no
sambal kurang  . ;yes;no;no;no;no
secara keseluruhan puas makan malam disini  . ;no;no;no;no;no
pelayanannya oke banget   , saya kesana bersama rombongan dan sudah booking jauhnojauh hari   , begitu sampai sana makanan sudah siap jadi kami tidak perlu menunggu lama  . ;no;yes;no;no;no
chicken gordon blue disini enak banget   , extra cheese berasa banget   ,   ,   , m   , nyam nyamkalau ke bandung lagi   , mau mampir lagi kesini  . ;yes;no;no;no;no
makan malam kali ini kurang puas  . ;yes;no;no;no;no
lokasi di dago dengan pemandangan bandung   , datanglah malam karena lampu kota akan terlihat   , makanan enak steak dan wine menu wajib disini   , ambil spot diluar karena udara dingin dan sejuk  . ;yes;no;no;yes;no
harga makanannya mahal .;no;no;yes;no;no
harga cukup sepadan dengan kualitas dan suasana restorannya  . ;no;no;yes;no;no
pemandangannya indah dan ada mainan anak kecil juga  . ;no;no;no;yes;no
restoran ini di puncak ketinggian dago   , pemandangan indah melihat kota bandung  . ;no;no;no;yes;no
kalau weekend dan hari libur sangat ramai pengunjung  . ;no;no;no;no;no
suasana makan malam di outdoor sangat menyenangkan  . ;no;no;no;yes;no
makan yang menarik banyak menu dan beragam rasannya lumayan enak keluarga saya juga senang makan di sana  . ;yes;no;no;no;no
pemandangan restoran ini bagus banget  . ;no;no;no;yes;no
suasana restoran di sore hari terasa romantis   , cantik banget  . ;no;no;no;yes;no
cocok untuk pasangan   , tetapi oke juga jika bersama keluarga  . ;no;no;no;no;no
banyak pilihan menu  . ;yes;no;no;no;no
rasanya standar  . ;yes;no;no;no;no
harga cukup mahal  . ;no;no;yes;no;no
kuliner bandung sangat fantastis  . ;yes;no;no;no;no
saya sangat menyukai wisata kuliner d bandung  . ;yes;no;no;no;no
tempat sangat strategis harga harganya murah .;no;no;yes;yes;no
tetapi rasanya fantastis  . ;yes;no;no;no;no
kesininya memang agak susah dan muternomuter  . ;no;no;no;no;no
tempatnya sungguh aduhai dan memanjakan mata  . ;no;no;no;yes;no
selain gede  . ;no;no;no;no;no
toppingnya juga banyak bingits  . ;yes;no;no;no;no
tobb bnognot dahh  . ;no;no;no;no;no
mengunjungi the valley   , senin malam udaranya sejuk sekali   , kalau kesini malamnomalam harus bawa jaket kalau tidak mau masuk angin  . ;no;no;no;yes;no
pemandangannya bagus   , harga makanan yang mahal tidak sebanding dengan rasanya  . ;no;no;yes;yes;no
rasa makanannya biasa saja   , tidak ada yang istimewa  . ;yes;no;no;no;no
tempat makannya agak gelap   , jadi tidak bisa terlihat jelas makanan yang disajikan  . ;no;no;no;yes;no
dianjurkan datang pada malam hari dan nikmati indahnya cahaya lampunolampu kota bandung sambil menikmati aneka jenis menu yang ditawarkan  . ;yes;no;no;no;no
makan malam bersama kekasih terasa sangat romantis disini  . ;yes;no;no;no;no
pelayan restoran cukup ramah  . ;no;yes;no;no;no
disini termasuknya mahal  . ;no;no;no;no;no
mantab abiis  . ;no;no;no;no;no
